question_id,doc_id,question,em_no_rag,f1_no_rag,evidence_hit_rate_no_rag,citation_hit_rate_no_rag,citation_precision_no_rag,heuristic_hallucination_no_rag,abstain_no_rag,prompt_tokens_no_rag,completion_tokens_no_rag,em_vector_rag,f1_vector_rag,evidence_hit_rate_vector_rag,citation_hit_rate_vector_rag,citation_precision_vector_rag,heuristic_hallucination_vector_rag,abstain_vector_rag,prompt_tokens_vector_rag,completion_tokens_vector_rag,em_toc_rag,f1_toc_rag,evidence_hit_rate_toc_rag,citation_hit_rate_toc_rag,citation_precision_toc_rag,heuristic_hallucination_toc_rag,abstain_toc_rag,prompt_tokens_toc_rag,completion_tokens_toc_rag
e67d2266476abd157fc8c396b3dfb70cb343471e,1601.02166,What languages did they experiment with?,0,0.0,0,0,0,0,1,39,5,0.0,0.0,0.0,1.0,1.0,0.0,0.0,2890.0,47.0,0.0,0.0,0.0,0.0,0.0,0.0,0.0,556.0,44.0
eac042734f76e787cb98ba3d0c13a916a49bdfb3,1601.04012,Which datasets are used in this work?,0,0.0,0,0,0,0,1,40,5,0.0,0.0,0.0,0.0,0.0,0.0,0.0,2465.0,20.0,0.0,0.0,0.0,0.0,0.0,0.0,0.0,1235.0,29.0
f7d67d6c6fbc62b2953ab74db6871b122b3c92cc,1603.00968,How much faster is training time for MGNC-CNN over the baselines?,0,0.0,0,0,0,0,1,48,5,0.0,0.4814814814814814,1.0,1.0,1.0,0.0,0.0,2909.0,66.0,0.0,0.1739130434782608,0.3333333333333333,0.0,0.0,0.0,0.0,649.0,37.0
085147cd32153d46dd9901ab0f9195bfdbff6a85,1603.00968,What are the baseline models?,0,0.0,0,0,0,1,0,38,184,0.0,0.05,0.5,1.0,1.0,0.0,0.0,2729.0,62.0,0.0,0.0,0.0,1.0,1.0,0.0,0.0,225.0,43.0
c0035fb1c2b3de15146a7ce186ccd2e366fb4da2,1603.00968,By how much of MGNC-CNN out perform the baselines?,0,0.0,0,0,0,0,1,46,5,0.0,0.2882882882882883,0.6666666666666666,1.0,1.0,0.0,0.0,2746.0,124.0,0.0,0.1851851851851851,0.0,0.0,0.0,1.0,0.0,183.0,28.0
03b939ad70593f6475c56e9be73ba409d33faa62,1604.00125,What models do they compare to?,0,0.0,0,0,0,0,1,39,5,0.0,0.0238095238095238,0.6666666666666666,1.0,1.0,0.0,0.0,3020.0,134.0,0.0,0.0,0.0,0.0,0.0,0.0,0.0,380.0,28.0
102a0439739428aac80ac11795e73ce751b93ea1,1606.02006,What datasets were used?,0,0.0,0,0,0,0,1,37,5,0.0,0.1935483870967742,1.0,1.0,1.0,0.0,0.0,2697.0,45.0,0.0,0.0,0.0,0.0,0.0,0.0,0.0,731.0,22.0
d9c26c1bfb3830c9f3dbcccf4c8ecbcd3cb54404,1606.02006,What language pairs did they experiment with?,0,0.0,0,0,0,0,1,40,5,0.0,0.0,1.0,1.0,1.0,0.0,0.0,2167.0,21.0,0.0,0.2857142857142857,1.0,0.0,0.0,0.0,0.0,734.0,20.0
5f7850254b723adf891930c6faced1058b99bd57,1606.0532,"What kind of features are used by the HMM models, and how interpretable are those?",0,0.149253731,0,0,0,1,0,51,303,0.0,0.2921348314606742,0.75,1.0,1.0,0.0,0.0,2576.0,83.0,0.0,0.2772277227722772,0.0,0.0,0.0,0.0,0.0,798.0,89.0
4d05a264b2353cff310edb480a917d686353b007,1606.0532,What kind of information do the HMMs learn that the LSTMs don't?,0,0.032128514,0,0,0,1,0,49,297,0.0,0.2142857142857142,0.6666666666666666,1.0,1.0,0.0,0.0,2574.0,75.0,0.0,0.1111111111111111,0.0,0.0,0.0,1.0,0.0,184.0,39.0
7cdce4222cea6955b656c1a3df1129bb8119e2d0,1606.0532,Which methods do the authors use to reach the conclusion that LSTMs and HMMs learn complementary information?,0,0.0,0,0,0,0,1,54,5,0.0,0.3846153846153846,1.0,1.0,1.0,0.0,0.0,2579.0,90.0,0.0,0.2790697674418604,0.0,1.0,1.0,0.0,0.0,189.0,46.0
496b4ae3c0e26ec95ff6ded5e6790f24c35f0f5b,1607.00424,How do they incorporate human advice?,0,0.061538462,0,0,0,1,0,39,234,0.0,0.1492537313432835,0.3333333333333333,1.0,1.0,0.0,0.0,2658.0,67.0,0.0,0.1860465116279069,0.0,1.0,1.0,0.0,0.0,277.0,44.0
281cb27cfa0eea12180fd82ae33035945476609e,1607.00424,What do they learn jointly?,0,0.0,0,0,0,0,1,38,5,0.0,0.048780487804878,1.0,1.0,1.0,0.0,0.0,2635.0,64.0,0.0,0.0,0.0,1.0,1.0,0.0,0.0,276.0,44.0
f01aa192d97fa3cc36b6e316355dc5da0e9b97dc,1609.00081,What are the baselines model?,0,0.0,0,0,0,1,0,39,242,0.0,0.0,0.0,0.0,0.0,0.0,0.0,2845.0,19.0,0.0,0.0,0.0,0.0,0.0,0.0,0.0,285.0,17.0
2173809eb117570d289cefada6971e946b902bd6,1610.04377,Is the web interface publicly accessible?,0,0.0,0,0,0,0,1,39,5,0.0,0.0,0.0,0.0,0.0,1.0,0.0,2315.0,22.0,0.0,0.0,0.0,0.0,0.0,1.0,0.0,416.0,21.0
293e9a0b30670f4f0a380e574a416665a8c55bc2,1610.04377,Is the Android application publicly available?,0,0.0,0,0,0,0,1,39,5,0.0,0.0,0.0,0.0,0.0,0.0,0.0,2685.0,21.0,0.0,0.0,0.0,0.0,0.0,0.0,0.0,486.0,21.0
17de58c17580350c9da9c2f3612784b432154d11,1610.04377,What classifier is used for emergency categorization?,0,0.0,0,0,0,0,1,41,5,0.0,0.4,1.0,1.0,1.0,0.0,0.0,2716.0,31.0,0.0,0.0,0.0,0.0,0.0,1.0,0.0,418.0,23.0
9555aa8de322396a16a07a5423e6a79dcd76816a,1611.03382,By how much does their model outperform both the state-of-the-art systems?,0,0.0,0,0,0,0,1,47,5,0.0,0.1276595744680851,0.6666666666666666,1.0,1.0,0.0,0.0,2346.0,58.0,0.0,0.1818181818181818,0.6666666666666666,0.0,0.0,0.0,0.0,611.0,43.0
81e8d42dad08a58fe27eea838f060ec8f314465e,1611.03382,What is the state-of-the art?,0,0.04494382,0,0,0,1,0,40,97,0.0,0.1111111111111111,0.0,1.0,1.0,0.0,0.0,2312.0,63.0,0.0,0.0,0.0,0.0,0.0,1.0,0.0,338.0,28.0
94e0cf44345800ef46a8c7d52902f074a1139e1a,1701.02877,What web and user-generated NER datasets are used for the analysis?,0,0.0,0,0,0,1,0,46,302,0.0,0.0625,0.6666666666666666,1.0,1.0,0.0,0.0,2350.0,45.0,0.0,0.0392156862745098,0.6666666666666666,0.0,0.0,0.0,0.0,2772.0,64.0
a978a1ee73547ff3a80c66e6db3e6c3d3b6512f4,1701.03214,How much improvement does their method get over the fine tuning baseline?,0,0.0,0,0,0,0,1,45,5,0.0,0.0821917808219178,0.0,0.0,0.0,0.0,0.0,2573.0,63.0,0.0,0.1276595744680851,0.0,0.0,0.0,0.0,0.0,301.0,32.0
46ee1cbbfbf0067747b28bdf4c8c2f7dc8955650,1701.03214,What kinds of neural networks did they use in this paper?,0,0.0,0,0,0,1,0,44,39,0.0,0.0833333333333333,1.0,1.0,1.0,0.0,0.0,2523.0,48.0,0.0,0.0,0.0,0.0,0.0,1.0,0.0,246.0,22.0
4f12b41bd3bb2610abf7d7835291496aa69fb78c,1701.03214,How did they use the domain tags?,0,0.0,0,0,0,0,1,40,5,0.0,0.2058823529411764,0.0,1.0,1.0,0.0,0.0,2624.0,84.0,0.0,0.2272727272727272,0.0,1.0,1.0,0.0,0.0,296.0,52.0
a85698f19a91ecd3cd3a90a93a453d2acebae1b7,1701.06538,Approximately how much computational cost is saved by using this model?,0,0.0,0,0,0,0,1,44,5,0.0,0.0,0.0,1.0,1.0,0.0,0.0,2786.0,50.0,0.0,0.0,0.0,0.0,0.0,0.0,0.0,811.0,45.0
af073d84b8a7c968e5822c79bef34a28655886de,1701.06538,What improvement does the MOE model make over the SOTA on machine translation?,0,0.084033613,0,0,0,1,0,48,127,0.0,0.2769230769230769,1.0,1.0,1.0,0.0,0.0,2659.0,97.0,0.0,0.2,0.0,1.0,1.0,0.0,0.0,397.0,81.0
e8fcfb1412c3b30da6cbc0766152b6e11e17196c,1701.06538,What improvement does the MOE model make over the SOTA on language modelling?,0,0.034482759,0,0,0,1,0,48,136,0.0,0.027027027027027,0.0,1.0,1.0,0.0,0.0,2811.0,105.0,0.0,0.048780487804878,0.0,1.0,1.0,0.0,0.0,397.0,61.0
7486c9d9e6c407c0c3bc012405d689dbee072327,1701.08118,What languages are were included in the dataset of hateful content?,0,0.0,0,0,0,0,1,44,5,0.0,0.0,1.0,0.0,0.0,0.0,0.0,2112.0,23.0,0.0,0.0,0.0,0.0,0.0,0.0,0.0,520.0,23.0
0f2403fa77738bf05534d7f9d83c9dbb0a0d6140,1701.08118,How was reliability measured?,0,0.02,0,0,0,1,0,37,248,0.0,0.0888888888888888,0.0,1.0,1.0,0.0,0.0,2510.0,64.0,0.0,0.0754716981132075,0.0,1.0,1.0,0.0,0.0,493.0,69.0
21df76462c76d6e2d52fb7dce573ee5336627cb5,1701.08118,How did the authors demonstrate that showing a hate speech definition caused annotators to partially align their own opinion with the definition?,0,0.0,0,0,0,0,1,56,5,0.0,0.2242990654205607,1.0,1.0,1.0,0.0,0.0,2174.0,111.0,0.0,0.12,0.0,0.0,0.0,0.0,0.0,484.0,97.0
e79a5e435fcf5587535f06c9215d19a66caadaff,1702.005,What is the SemEval-2016 task 8?,0,0.0,0,0,0,1,0,44,81,0.0,0.0,0.0,0.0,0.0,0.0,0.0,2870.0,24.0,0.0,0.0,0.0,0.0,0.0,1.0,0.0,276.0,26.0
ff814793387c8f3b61f09b88c73c00360a22a60e,1702.03274,Does the latent dialogue state heklp their model?,0,0.0,0,0,0,0,1,43,5,0.0,0.0,0.0,0.0,0.0,0.0,0.0,2619.0,42.0,0.0,0.0,1.0,0.0,0.0,0.0,0.0,557.0,42.0
059acc270062921ad27ee40a77fd50de6f02840a,1702.03274,Do the authors test on datasets other than bAbl?,0,0.0,0,0,0,0,1,44,5,0.0,0.0,0.0,1.0,1.0,0.0,0.0,2901.0,63.0,0.0,0.0,0.0,0.0,0.0,0.0,0.0,1432.0,46.0
6a9eb407be6a459dc976ffeae17bdd8f71c8791c,1702.03274,What is the reward model for the reinforcement learning appraoch?,0,0.058181818,0,0,0,1,0,45,312,0.0,0.3058823529411764,0.5,1.0,1.0,0.0,0.0,2796.0,99.0,0.0,0.2921348314606741,0.5,1.0,1.0,0.0,0.0,1433.0,106.0
0d755ff58a7e22eb4d02fca45d4a7a3920f4e725,1702.06777,Do the authors mention any possible confounds in their study?,0,0.0,0,0,0,0,1,44,5,0.0,0.0,1.0,1.0,1.0,0.0,0.0,2368.0,89.0,0.0,0.0,1.0,0.0,0.0,1.0,0.0,645.0,19.0
ff2bcf2d8ffee586751ce91cf15176301267b779,1702.06777,What are the characteristics of the city dialect?,0,0.0546875,0,0,0,1,0,41,334,0.0,0.1785714285714285,1.0,1.0,1.0,0.0,0.0,2663.0,59.0,0.0,0.1568627450980392,0.0,0.0,0.0,0.0,0.0,715.0,47.0
55588ae77496e7753bff18763a21ca07d9f93240,1702.06777,What are the characteristics of the rural dialect?,0,0.033333333,0,0,0,1,0,41,311,0.0,0.109090909090909,0.0,0.0,0.0,0.0,0.0,2408.0,53.0,0.0,0.1538461538461538,0.0,0.0,0.0,0.0,0.0,715.0,50.0
e9f868f22ae70c7681c28228b6019e155013f8d6,1703.05916,what is the size of this dataset?,0,0.0,0,0,0,0,1,40,5,0.0,0.0,0.0,0.0,0.0,0.0,0.0,2581.0,18.0,0.0,0.0,0.0,0.0,0.0,0.0,0.0,377.0,19.0
7aaaf7bff9947c6d3b954ae25be87e6e1c49db6d,1703.05916,did they use a crowdsourcing platform for annotations?,0,0.0,0,0,0,0,1,42,5,0.0,0.0,1.0,1.0,1.0,0.0,0.0,2583.0,34.0,0.0,0.0,0.0,0.0,0.0,1.0,0.0,633.0,23.0
4a2248e1c71c0b0183ab0d225440cae2da396b8d,1703.05916,where does the data come from?,0,0.03030303,0,0,0,1,0,39,71,0.0,0.2564102564102564,1.0,1.0,1.0,0.0,0.0,2580.0,53.0,0.0,0.0,0.0,0.0,0.0,0.0,0.0,482.0,17.0
73e715e485942859e1db75bfb5f35f1d5eb79d2e,1703.08885,How can a neural model be used for a retrieval if the input is the entire Wikipedia?,0,0.08365019,0,0,0,1,0,50,315,0.0,0.15,1.0,1.0,1.0,0.0,0.0,2336.0,122.0,0.0,0.2545454545454545,0.0,0.0,0.0,0.0,0.0,291.0,43.0
0a7ac8eccbc286e0ab55bc5949f3f8d2ea2d1a60,1704.00253,How many improvements on the French-German translation benchmark?,0,0.0,0,0,0,0,1,43,5,0.0,0.0,0.0,1.0,1.0,0.0,0.0,2552.0,33.0,0.0,0.0,0.0,0.0,0.0,0.0,0.0,693.0,31.0
e84e80067b3343d136fd75300691c8b3d3efbdac,1704.00253,How do they align the synthetic data?,0,0.107142857,0,0,0,1,0,40,288,0.0,0.6728971962616822,1.0,1.0,1.0,0.0,0.0,2794.0,80.0,0.0,0.0833333333333333,0.0,0.0,0.0,1.0,0.0,222.0,22.0
45bd22f2cfb62a5f79ec3c771c8324b963567cc0,1704.00253,Where do they collect the synthetic data?,0,0.0,0,0,0,1,0,40,166,0.0,0.0,0.0,1.0,1.0,0.0,0.0,2632.0,34.0,0.0,0.0,0.0,0.0,0.0,0.0,0.0,207.0,20.0
c000a43aff3cb0ad1cee5379f9388531b5521e9a,1705.00108,how are the bidirectional lms obtained?,0,0.075829384,0,0,0,1,0,41,241,0.0,0.0655737704918032,0.0,1.0,1.0,0.0,0.0,2827.0,68.0,0.0,0.125,0.0,0.0,0.0,1.0,0.0,300.0,26.0
a5b67470a1c4779877f0d8b7724879bbb0a3b313,1705.00108,what metrics are used in evaluation?,0,0.010869565,0,0,0,1,0,39,298,0.0,0.074074074074074,0.0,1.0,1.0,0.0,0.0,2867.0,51.0,0.0,0.0,0.0,0.0,0.0,0.0,0.0,1489.0,66.0
12cfbaace49f9363fcc10989cf92a50dfe0a55ea,1705.00108,what results do they achieve?,0,0.0,0,0,0,0,1,38,5,0.0,0.0833333333333333,0.0,1.0,1.0,0.0,0.0,2342.0,57.0,0.0,0.1927710843373494,0.0,1.0,1.0,0.0,0.0,605.0,118.0
76c8aac84152fc4bbc0d5faa7b46e40438353e77,1705.00861,Do they use the same architecture as LSTM-s and GRUs with just replacing with the LAU unit?,0,0.0,0,0,0,1,0,54,140,0.0,0.0,0.0,1.0,1.0,0.0,0.0,2444.0,97.0,0.0,0.0,0.0,0.0,0.0,1.0,0.0,550.0,63.0
4e2e19a58e1f2cc5a7b1bc666c1577922454d8c8,1705.01991,Do they only test on one dataset?,0,0.0,0,0,0,0,1,40,5,0.0,0.0,1.0,1.0,1.0,0.0,0.0,2996.0,32.0,0.0,0.0,0.0,0.0,0.0,1.0,0.0,423.0,30.0
69ca609e86888c7e4e2e3d33435a0a36f77601b5,1705.01991,What baseline decoder do they use?,0,0.0,0,0,0,0,1,39,5,0.0,0.6923076923076923,1.0,1.0,1.0,0.0,0.0,2738.0,31.0,0.0,0.4444444444444444,1.0,0.0,0.0,0.0,0.0,121.0,18.0
33d2919f3400cd3c6fbb6960d74187ec80b41cd6,1705.0783,how are multiple answers from multiple reformulated questions aggregated?,0,0.110169492,0,0,0,1,0,43,257,0.0,0.198019801980198,0.5,1.0,1.0,0.0,0.0,3304.0,103.0,0.0,0.2531645569620253,0.0,0.0,0.0,0.0,0.0,742.0,59.0
003f884d3893532f8c302431c9f70be6f64d9be8,1705.09665,Do they report results only on English data?,0,0.0,0,0,0,0,1,41,5,0.0,0.0,1.0,1.0,1.0,0.0,0.0,2347.0,37.0,0.0,0.0,0.0,0.0,0.0,1.0,0.0,594.0,41.0
bb97537a0a7c8f12a3f65eba73cefa6abcd2f2b2,1705.09665,How do the various social phenomena examined manifest in different types of communities?,0,0.143646409,0,0,0,1,0,46,350,0.0,0.2745098039215686,0.0,1.0,1.0,0.0,0.0,2646.0,154.0,0.0,0.140625,0.0,0.0,0.0,0.0,0.0,725.0,54.0
eea089baedc0ce80731c8fdcb064b82f584f483a,1705.09665,What patterns do they observe about how user engagement varies with the characteristics of a community?,0,0.063897764,0,0,0,1,0,49,379,0.0,0.326530612244898,1.0,1.0,1.0,0.0,0.0,2639.0,155.0,0.0,0.1555555555555555,0.0,1.0,1.0,0.0,0.0,602.0,94.0
c348a8c06e20d5dee07443e962b763073f490079,1706.04815,What two components are included in their proposed framework?,0,0.0,0,0,0,0,1,42,5,0.0,0.4347826086956522,1.0,1.0,1.0,0.0,0.0,2941.0,33.0,0.0,0.4210526315789473,0.0,0.0,0.0,0.0,0.0,213.0,21.0
0300cf768996849cab7463d929afcb0b09c9cf2a,1706.04815,Which framework they propose in this paper?,0,0.0,0,0,0,1,0,40,44,0.0,0.1999999999999999,0.0,1.0,1.0,0.0,0.0,2836.0,35.0,0.0,0.1818181818181818,0.0,0.0,0.0,0.0,0.0,2047.0,25.0
dd8f72cb3c0961b5ca1413697a00529ba60571fe,1706.04815,Why MS-MARCO is different from SQuAD?,0,0.052287582,0,0,0,1,0,44,406,0.0,0.1492537313432836,0.0,1.0,1.0,0.0,0.0,2849.0,90.0,0.0,0.2105263157894737,0.0,0.0,0.0,0.0,0.0,520.0,66.0
2d3bf170c1647c5a95abae50ee3ef3b404230ce4,1707.0011,Which baseline methods are used?,0,0.033755274,0,0,0,1,0,38,299,0.0,0.4285714285714285,0.5,1.0,1.0,0.0,0.0,2369.0,41.0,0.0,0.0952380952380952,0.0,0.0,0.0,1.0,0.0,466.0,26.0
6e8c587b6562fafb43a7823637b84cd01487059a,1707.0011,How much is the BLEU score?,0,0.094488189,0,0,0,1,0,40,140,0.0,0.0952380952380952,0.0,1.0,1.0,0.0,0.0,2833.0,26.0,0.0,0.0833333333333333,0.0,0.0,0.0,0.0,0.0,787.0,21.0
ab9453fa2b927c97b60b06aeda944ac5c1bfef1e,1707.0011,Which datasets are used in experiments?,0,0.008403361,0,0,0,1,0,39,424,0.0,0.1111111111111111,0.0,1.0,1.0,0.0,0.0,2379.0,26.0,0.0,0.0666666666666666,0.5,1.0,1.0,0.0,0.0,728.0,84.0
83f24e4bbf9de82d560cdde64b91d6d672def6bf,1707.06945,What baseline is used for the verb classification experiments?,0,0.0,0,0,0,0,1,42,5,0.0,0.0,0.0,1.0,1.0,0.0,0.0,2912.0,63.0,0.0,0.0,0.0,0.0,0.0,1.0,0.0,196.0,22.0
6b8a3100895f2192e08973006474428319dc298e,1707.06945,What clustering algorithm is used on top of the VerbNet-specialized representations?,0,0.0,0,0,0,0,1,47,5,0.0,0.3809523809523809,1.0,1.0,1.0,0.0,0.0,2869.0,32.0,0.0,0.4444444444444444,1.0,0.0,0.0,0.0,0.0,283.0,29.0
daf624f7d1623ccd3facb1d93d4d9d616b3192f4,1707.06945,How many words are translated between the cross-lingual translation pairs?,0,0.0,0,0,0,0,1,46,5,0.0,0.0,0.0,1.0,1.0,0.0,0.0,2942.0,30.0,0.0,0.0,0.0,0.0,0.0,0.0,0.0,1550.0,27.0
a2103e7fe613549a9db5e65008f33cf2ee0403bd,1708.05873,What are the country-specific drivers of international development rhetoric?,0,0.006153846,0,0,0,1,0,43,434,0.0,0.050632911392405,1.0,1.0,1.0,0.0,0.0,2541.0,106.0,0.0,0.0363636363636363,0.5,0.0,0.0,0.0,0.0,758.0,68.0
13b36644357870008d70e5601f394ec3c6c07048,1708.05873,Is the dataset multilingual?,0,0.0,0,0,0,0,1,37,5,0.0,0.0,0.0,0.0,0.0,1.0,0.0,2619.0,33.0,0.0,0.0,0.0,0.0,0.0,0.0,0.0,222.0,20.0
e4a19b91b57c006a9086ae07f2d6d6471a8cf0ce,1708.05873,How are the main international development topics that states raise identified?,0,0.140221402,0,0,0,1,0,44,275,0.0,0.2413793103448276,1.0,1.0,1.0,0.0,0.0,2648.0,79.0,0.0,0.1911764705882352,0.0,0.0,0.0,0.0,0.0,759.0,109.0
65e6a1cc2590b139729e7e44dce6d9af5dd2c3b5,1709.05411,Why mixed initiative multi-turn dialogs are the greatest challenge in building open-domain conversational agents?,0,0.034782609,0,0,0,1,0,49,414,0.0,0.1999999999999999,1.0,1.0,1.0,0.0,0.0,2563.0,119.0,0.0,0.2444444444444444,1.0,0.0,0.0,0.0,0.0,1214.0,99.0
e5ae8ac51946db7475bb20b96e0a22083b366a6d,1709.07916,Do they evaluate only on English data?,0,0.0,0,0,0,0,1,40,5,0.0,0.0,1.0,1.0,1.0,0.0,0.0,2774.0,31.0,0.0,0.0,0.0,0.0,0.0,1.0,0.0,113.0,22.0
18288c7b0f8bd7839ae92f9c293e7fb85c7e146a,1709.07916,How strong was the correlation between exercise and diabetes?,0,0.051282051,0,0,0,1,0,42,128,0.0,0.1111111111111111,0.75,0.0,0.0,0.0,0.0,2191.0,39.0,0.0,0.0909090909090909,0.0,0.0,0.0,0.0,0.0,1016.0,54.0
b5e883b15e63029eb07d6ff42df703a64613a18a,1709.07916,How were topics of interest about DDEO identified?,0,0.0,0,0,0,0,1,43,5,0.0,0.160919540229885,1.0,1.0,1.0,0.0,0.0,2671.0,124.0,0.0,0.0,0.0,0.0,0.0,1.0,0.0,116.0,25.0
70e596dd4334a94844454fa7b565889556e2358d,1709.09119,How successful are they at matching names of authors in Japanese and English?,0,0.0,0,0,0,0,1,46,5,0.0,0.08,0.0,1.0,1.0,0.0,0.0,2644.0,53.0,0.0,0.0634920634920634,0.0,0.0,0.0,0.0,0.0,1770.0,65.0
18dab362ae4587408a291a55299f347f8870e9f1,1709.09119,Is their approach applicable to papers outside computer science?,0,0.0,0,0,0,0,1,42,5,0.0,0.0,0.0,0.0,0.0,0.0,0.0,2872.0,26.0,0.0,0.0,0.0,0.0,0.0,0.0,0.0,243.0,26.0
9c2de35d07f0d536bfdefe4828d66dd450de2b61,1709.09119,Do they translate metadata from Japanese papers to English?,0,0.0,0,0,0,1,0,42,69,0.0,0.0,0.0,0.0,0.0,0.0,0.0,2676.0,42.0,0.0,0.0,0.0,0.0,0.0,1.0,0.0,190.0,23.0
ae60079da9d3d039965368acbb23c6283bc3da94,1709.10445,Does this approach perform better than context-based word embeddings?,0,0.0,0,0,0,0,1,43,5,0.0,0.0,1.0,1.0,1.0,0.0,0.0,2165.0,47.0,0.0,0.0,0.0,0.0,0.0,0.0,0.0,551.0,72.0
83f567489da49966af3dc5df2d9d20232bb8cb1e,1709.10445,Have the authors tried this approach on other languages?,0,0.0,0,0,0,0,1,42,5,0.0,0.0,1.0,1.0,1.0,0.0,0.0,2221.0,74.0,0.0,0.0454545454545454,0.0,0.0,0.0,0.0,0.0,488.0,58.0
fa3663567c48c27703e09c42930e51bacfa54905,1710.01492,What is the current SOTA for sentiment analysis on Twitter at the time of writing?,0,0.0,0,0,0,0,1,49,5,0.0,0.0677966101694915,0.5,1.0,1.0,0.0,0.0,2797.0,86.0,0.0,0.0,0.0,0.0,0.0,0.0,0.0,192.0,30.0
7997b9971f864a504014110a708f215c84815941,1710.01492,"What difficulties does sentiment analysis on Twitter have, compared to sentiment analysis in other domains?",0,0.058479532,0,0,0,1,0,49,424,0.0,0.1326530612244898,0.5,0.0,0.0,0.0,0.0,2751.0,234.0,0.0,0.0793650793650793,0.0,1.0,1.0,0.0,0.0,978.0,141.0
0d1408744651c3847469c4a005e4a9dccbd89cf1,1710.01492,What are the metrics to evaluate sentiment analysis on Twitter?,0,0.0,0,0,0,1,0,43,360,0.0,0.0,0.0,0.0,0.0,0.0,0.0,2871.0,45.0,0.0,0.0,0.0,0.0,0.0,0.0,0.0,180.0,22.0
acc8d9918d19c212ec256181e51292f2957b37d7,1710.01507,What are the differences with previous applications of neural networks for this task?,0,0.0,0,0,0,1,0,46,95,0.0,0.074074074074074,1.0,1.0,1.0,0.0,0.0,2437.0,133.0,0.0,0.0,0.0,0.0,0.0,0.0,0.0,1005.0,54.0
3bf429633ecbbfec3d7ffbcfa61fa90440cc918b,1710.06536,How are aspects identified in aspect extraction?,0,0.029090909,0,0,0,1,0,40,341,0.0,0.0388349514563106,0.0,1.0,1.0,0.0,0.0,2592.0,134.0,0.0,0.0309278350515463,0.0,0.0,0.0,0.0,0.0,871.0,252.0
e8d1792fc56a32bd4c95f61c2ea4cf29088edd7c,1710.08396,Does the proposed method outperform a baseline?,0,0.0,0,0,0,0,1,40,5,0.0,0.0,0.0,1.0,1.0,0.0,0.0,2417.0,103.0,0.0,0.0,0.0,0.0,0.0,0.0,0.0,241.0,24.0
ceda2a4872132b8e0a526c0f2c701d0df060c3af,1710.08396,What type of RNN is used?,0,0.011695906,0,0,0,1,0,40,234,0.0,0.1818181818181818,1.0,1.0,1.0,0.0,0.0,2417.0,29.0,0.0,0.1818181818181818,0.5,0.0,0.0,1.0,0.0,241.0,25.0
d824f837d8bc17f399e9b8ce8b30795944df0d51,1711.02013,How do they show their model discovers underlying syntactic structure?,0,0.024793388,0,0,0,1,0,44,309,0.0,0.0597014925373134,1.0,1.0,1.0,0.0,0.0,2505.0,88.0,0.0,0.0869565217391304,0.0,0.0,0.0,0.0,0.0,317.0,53.0
2ff3898fbb5954aa82dd2f60b37dd303449c81ba,1711.02013,Which dataset do they experiment with?,0,0.0,0,0,0,0,1,39,5,0.0,0.2857142857142857,0.5,1.0,1.0,0.0,0.0,2765.0,28.0,0.0,0.2857142857142857,0.5,0.0,0.0,0.0,0.0,550.0,23.0
3070d6d6a52aa070f0c0a7b4de8abddd3da4f056,1711.02013,How do they measure performance of language model tasks?,0,0.008298755,0,0,0,1,0,42,316,0.0,0.032258064516129,0.75,1.0,1.0,0.0,0.0,2750.0,85.0,0.0,0.0,0.0,0.0,0.0,1.0,0.0,315.0,25.0
c77d6061d260f627f2a29a63718243bab5a6ed5a,1711.05345,How different is the dataset size of source and target?,0,0.0,0,0,0,0,1,43,5,0.0,0.2142857142857142,0.0,1.0,1.0,0.0,0.0,2831.0,74.0,0.0,0.2666666666666666,0.0,0.0,0.0,0.0,0.0,383.0,25.0
5d5a571ff04a5fdd656ca87f6525a60e917d6558,1801.0903,Do they impose any grammatical constraints over the generated output?,0,0.0,0,0,0,1,0,43,61,0.0,0.0,0.0,0.0,0.0,0.0,0.0,2602.0,49.0,0.0,0.0,0.0,0.0,0.0,1.0,0.0,306.0,31.0
3c362bfa11c60bad6c7ea83f8753d427cda77de0,1801.0903,Why did they think this was a good idea?,0,0.0,0,0,0,0,1,42,5,0.0,0.0769230769230769,1.0,1.0,1.0,0.0,0.0,2826.0,123.0,0.0,0.0178571428571428,0.0,1.0,1.0,0.0,0.0,1022.0,136.0
d86c7faf5a61d73a19397a4afa2d53206839b8ad,1802.00923,What modalities are being used in different datasets?,0,0.0,0,0,0,1,0,41,336,0.0,0.0392156862745098,0.0,1.0,1.0,0.0,0.0,3552.0,84.0,0.0,0.0338983050847457,1.0,0.0,0.0,0.0,0.0,406.0,87.0
082bc58e1a2a65fc1afec4064a51e4c785674fd7,1802.00923,What is the difference between Long-short Term Hybrid Memory and LSTMs?,0,0.119266055,0,0,0,1,0,47,277,0.0,0.2127659574468085,0.5,1.0,1.0,0.0,0.0,3320.0,122.0,0.0,0.3111111111111111,0.5,1.0,1.0,0.0,0.0,384.0,124.0
63c0128935446e26eacc7418edbd9f50cba74455,1802.05574,What is the size of the released dataset?,0,0.0,0,0,0,0,1,41,5,0.0,0.303030303030303,0.75,1.0,1.0,0.0,0.0,2600.0,38.0,0.0,0.0,0.0,0.0,0.0,1.0,0.0,232.0,20.0
9a94dcee17cdb9a39d39977191e643adece58dfc,1802.05574,Were the OpenIE systems more accurate on some scientific disciplines than others?,0,0.0,0,0,0,0,1,46,5,0.0,0.0,0.0,0.0,0.0,0.0,0.0,2446.0,58.0,0.0,0.0,0.0,0.0,0.0,0.0,0.0,412.0,26.0
18e915b917c81056ceaaad5d6581781c0168dac9,1802.05574,What is the most common error type?,0,0.0,0,0,0,0,1,40,5,0.0,0.0588235294117647,1.0,1.0,1.0,0.0,0.0,2356.0,45.0,0.0,0.0,0.0,0.0,0.0,0.0,0.0,299.0,20.0
63a77d2640df8315bf0bc3925fdd7e27132b1244,1804.00079,Which language(s) do they work with?,0,0.0,0,0,0,0,1,41,5,0.0,0.0,0.0,0.0,0.0,0.0,0.0,2573.0,19.0,0.0,0.0,0.0,0.0,0.0,0.0,0.0,494.0,19.0
50be9e6203c40ed3db48ed37103f967ef0ea946c,1804.00079,How do they evaluate their sentence representations?,0,0.059259259,0,0,0,1,0,40,324,0.0,0.2318840579710145,1.0,1.0,1.0,0.0,0.0,2543.0,267.0,0.0,0.0526315789473684,0.0,0.0,0.0,0.0,0.0,493.0,20.0
36a9230fadf997d3b0c5fc8af8d89bd48bf04f12,1804.00079,Which model architecture do they for sentence encoding?,0,0.122065728,0,0,0,1,0,41,255,0.0,0.135593220338983,0.0,1.0,1.0,0.0,0.0,2808.0,49.0,0.0,0.1702127659574468,0.0,1.0,1.0,0.0,0.0,494.0,29.0
fbd094918b493122b3bba99cefe5da80cf88959c,1804.08094,Did they experiment with pre-training schemes?,0,0.0,0,0,0,0,1,40,5,0.0,0.0,0.0,1.0,1.0,0.0,0.0,2490.0,33.0,0.0,0.0,0.0,0.0,0.0,1.0,0.0,486.0,41.0
78661bdd4d11148e07bdf17141cf088db4ad60c6,1804.08094,What were their results on the test set?,0,0.0,0,0,0,0,1,41,5,0.0,0.5925925925925926,1.0,1.0,1.0,0.0,0.0,2491.0,39.0,0.0,0.2727272727272727,0.0,0.0,0.0,0.0,0.0,429.0,21.0
95d98b2a7fbecd1990ec9a070f9d5624891a4f26,1804.08094,What is the size of the dataset?,0,0.0,0,0,0,0,1,40,5,0.0,0.6451612903225806,1.0,1.0,1.0,0.0,0.0,2490.0,42.0,0.0,0.6206896551724139,1.0,1.0,1.0,0.0,0.0,428.0,45.0
33f72c8da22dd7d1378d004cbd8d2dcd814a5291,1804.11297,What is the metric that is measures in this paper?,0,0.0,0,0,0,0,1,43,5,0.0,0.368421052631579,1.0,1.0,1.0,0.0,0.0,2915.0,48.0,0.0,0.0869565217391304,0.0,0.0,0.0,1.0,0.0,150.0,21.0
be9cadaebfa0ff1a3c5a5ed56ff3aae76cf5e0a4,1805.03122,What are the evaluation metrics used?,0,0.053475936,0,0,0,1,0,39,501,0.0,0.5194805194805194,1.0,1.0,1.0,0.0,0.0,2316.0,84.0,0.0,0.1694915254237288,0.0,1.0,1.0,0.0,0.0,792.0,61.0
5c4a2a3d6e02bcbeae784e439441524535916e85,1805.07513,Do they compare with the MAML algorithm?,0,0.0,0,0,0,0,1,41,5,0.0,0.0,1.0,0.0,0.0,0.0,0.0,3036.0,36.0,0.0,0.0,1.0,0.0,0.0,1.0,0.0,712.0,23.0
b54fc86dc2cc6994e10c1819b6405de08c496c7b,1805.12032,How is speed measured?,0,0.099009901,0,0,0,1,0,37,120,0.0,0.7407407407407407,1.0,1.0,1.0,0.0,0.0,2389.0,51.0,0.0,0.1621621621621622,0.75,0.0,0.0,0.0,0.0,645.0,67.0
b43a8a0f4b8496b23c89730f0070172cd5dca06a,1805.12032,What is the architecture of their model?,0,0.0,0,0,0,0,1,40,5,0.0,0.8022598870056498,1.0,1.0,1.0,0.0,0.0,2612.0,124.0,0.0,0.0776699029126213,0.0,0.0,0.0,1.0,0.0,253.0,22.0
b161febf86cdd58bd247a934120410068b24b7d1,1805.12032,What are the nine types?,0,0.0,0,0,0,1,0,38,272,0.0,0.074074074074074,1.0,1.0,1.0,0.0,0.0,2610.0,53.0,0.0,0.0,0.0,0.0,0.0,0.0,0.0,316.0,36.0
26b5c090f72f6d51e5d9af2e470d06b2d7fc4a98,1806.00722,what are the baselines?,0,0.019417476,0,0,0,1,0,38,236,0.0,0.0701754385964912,0.0,1.0,1.0,0.0,0.0,2730.0,66.0,0.0,0.1764705882352941,0.0,1.0,1.0,0.0,0.0,436.0,49.0
8c0621016e96d86a7063cb0c9ec20c76a2dba678,1806.00722,did they outperform previous methods?,0,0.0,0,0,0,0,1,38,5,0.0,0.0,0.0,1.0,1.0,0.0,0.0,2455.0,45.0,0.0,0.0,0.0,0.0,0.0,0.0,0.0,264.0,22.0
f1214a05cc0e6d870c789aed24a8d4c768e1db2f,1806.00722,what language pairs are explored?,0,0.0,0,0,0,0,1,38,5,0.0,0.0,0.0,1.0,1.0,0.0,0.0,2367.0,30.0,0.0,0.0,0.0,0.0,0.0,0.0,0.0,638.0,26.0
7426a6e800d6c11795941616fc4a243e75716a10,1806.11322,What factors contribute to interpretive biases according to this research?,0,0.0,0,0,0,0,1,44,5,0.0,0.1116751269035533,0.0,1.0,1.0,0.0,0.0,3049.0,240.0,0.0,0.18348623853211,0.0,1.0,1.0,0.0,0.0,489.0,119.0
da4535b75e360604e3ce4bb3631b0ba96f4dadd3,1806.11322,Which interpretative biases are analyzed in this paper?,0,0.0,0,0,0,0,1,42,5,0.0,0.134453781512605,1.0,1.0,1.0,0.0,0.0,2549.0,124.0,0.0,0.0925925925925925,0.0,1.0,1.0,0.0,0.0,2337.0,122.0
06c340c7c2ad57d7621c3e8baba6a3d0ed9f4696,1808.03815,Are there syntax-agnostic SRL models before?,0,0.0,0,0,0,1,0,43,112,0.0,0.0,0.5,1.0,1.0,0.0,0.0,2511.0,65.0,0.0,0.0,0.0,0.0,0.0,0.0,0.0,878.0,67.0
4c88441f8a1b5fce0ca55a6fced34f97260206ae,1808.03815,What is the biaffine scorer?,0,0.019047619,0,0,0,1,0,40,115,0.0,0.0224719101123595,0.0,1.0,1.0,0.0,0.0,3063.0,110.0,0.0,0.017391304347826,1.0,0.0,0.0,0.0,0.0,1544.0,138.0
4bf4374135c39d10dafece4bed8ef547dc3bf9f0,1808.04614,How do they generate a graphic representation of a query from a query?,0,0.0,0,0,0,1,0,46,399,0.0,0.0,0.0,1.0,1.0,0.0,0.0,2635.0,48.0,0.0,0.0,0.0,0.0,0.0,0.0,0.0,578.0,38.0
e2a637f1d93e1ea9f29c96ff0fc6bc017209065b,1808.04614,How do they gather data for the query explanation problem?,0,0.009090909,0,0,0,1,0,43,268,0.0,0.0285714285714285,1.0,1.0,1.0,0.0,0.0,2701.0,90.0,0.0,0.0266666666666666,0.0,0.0,0.0,0.0,0.0,400.0,91.0
b3bd217287b8c765b0d461dc283afec779dbf039,1808.04614,Which query explanation method was preffered by the users in terms of correctness?,0,0.0,0,0,0,0,1,48,5,0.0,0.0,0.0,1.0,1.0,0.0,0.0,2660.0,50.0,0.0,0.0,0.0,0.0,0.0,0.0,0.0,201.0,27.0
1951cde612751410355610074c3c69cec94824c2,1808.05077,Which deep learning model performed better?,0,0.0,0,0,0,0,1,39,5,0.0,0.1052631578947368,0.8,1.0,1.0,0.0,0.0,2456.0,45.0,0.0,0.0,0.0,0.0,0.0,0.0,0.0,948.0,48.0
4140d8b5a78aea985546aa1e323de12f63d24add,1808.05077,By how much did the results improve?,0,0.0,0,0,0,0,1,40,5,0.0,0.0,0.0,1.0,1.0,0.0,0.0,2835.0,77.0,0.0,0.0,0.0,0.0,0.0,0.0,0.0,607.0,21.0
61272b1d0338ed7708cf9ed9c63060a6a53e97a2,1808.05077,What was their performance on the dataset?,0,0.0,0,0,0,0,1,40,5,0.0,0.0571428571428571,0.0,1.0,1.0,0.0,0.0,2431.0,64.0,0.0,0.1904761904761905,1.0,1.0,1.0,0.0,0.0,871.0,47.0
e09e89b3945b756609278dcffb5f89d8a52a02cd,1808.06834,How many speeches are in the dataset?,0,0.0,0,0,0,0,1,40,5,0.0,0.0,0.0,1.0,1.0,0.0,0.0,2770.0,18.0,0.0,0.0,0.0,1.0,1.0,0.0,0.0,284.0,23.0
0cf5132ac7904b7b81e17938d5815f70926a5180,1808.06834,What classification models were used?,0,0.0,0,0,0,0,1,38,5,0.0,0.3999999999999999,0.0,1.0,1.0,0.0,0.0,2339.0,30.0,0.0,0.3333333333333333,1.0,1.0,1.0,0.0,0.0,593.0,26.0
1d860d7f615b9ca404c504f9df4231a702f840ef,1808.06834,Do any speeches not fall in these categories?,0,0.0,0,0,0,0,1,41,5,0.0,0.0,0.0,1.0,1.0,0.0,0.0,2204.0,97.0,0.0,0.0,0.0,0.0,0.0,1.0,0.0,265.0,37.0
b5d6357d3a9e3d5fdf9b344ae96cddd11a407875,1808.09409,What is the baseline model for the agreement-based mode?,0,0.0,0,0,0,0,1,43,5,0.0,0.0,1.0,0.0,0.0,0.0,0.0,2246.0,22.0,0.0,0.0,0.0,0.0,0.0,0.0,0.0,178.0,23.0
f33a21c6a9c75f0479ffdbb006c40e0739134716,1808.09409,Do the authors suggest why syntactic parsing is so important for semantic role labelling for interlanguages?,0,0.0,0,0,0,0,1,52,5,0.0,0.0705882352941176,0.0,1.0,1.0,0.0,0.0,2272.0,110.0,0.0,0.0615384615384615,0.0,0.0,0.0,0.0,0.0,342.0,81.0
8a1d4ed00d31c1f1cb05bc9d5e4f05fe87b0e5a4,1808.09409,Who manually annotated the semantic roles for the set of learner texts?,0,0.0,0,0,0,0,1,45,5,0.0,0.0,0.0,0.0,0.0,0.0,0.0,2244.0,25.0,0.0,0.0,0.0,1.0,1.0,0.0,0.0,481.0,38.0
29e5e055e01fdbf7b90d5907158676dd3169732d,1809.01341,What other multimodal knowledge base embedding methods are there?,0,0.051948052,0,0,0,1,0,43,308,0.0,0.1052631578947368,0.0,0.0,0.0,0.0,0.0,2516.0,36.0,0.0,0.15,0.0,0.0,0.0,0.0,0.0,657.0,39.0
79b174d20ea5dd4f35e25c9425fb97f40e27cd6f,1809.08386,Do they evaluate ablated versions of their CNN+RNN model?,0,0.0,0,0,0,0,1,46,5,0.0,0.0,0.0,0.0,0.0,0.0,0.0,2502.0,35.0,0.0,0.0,0.0,0.0,0.0,1.0,0.0,148.0,29.0
fa9df782d743ce0ce1a7a5de6a3de226a7e423df,1809.0851,What are the languages they consider in this paper?,0,0.0,0,0,0,0,1,42,5,0.0,0.5217391304347826,0.6666666666666666,1.0,1.0,0.0,0.0,2908.0,30.0,0.0,0.4545454545454545,0.0,1.0,1.0,0.0,0.0,400.0,29.0
6270d5247f788c4627be57de6cf30112560c863f,1809.0851,Did they experiment with tasks other than word problems in math?,0,0.0,0,0,0,0,1,44,5,0.0,0.1777777777777777,1.0,0.0,0.0,0.0,0.0,2753.0,46.0,0.0,0.1621621621621621,0.0,0.0,0.0,0.0,0.0,497.0,36.0
fb56743e942883d7e74a73c70bd11016acddc348,1810.03459,What data do they train the language models on?,0,0.0,0,0,0,1,0,42,100,0.0,0.054054054054054,1.0,1.0,1.0,0.0,0.0,2555.0,55.0,0.0,0.0,0.0,0.0,0.0,0.0,0.0,292.0,24.0
093dd1e403eac146bcd19b51a2ace316b36c6264,1810.03459,Do they report BLEU scores?,0,0.0,0,0,0,0,1,39,5,0.0,0.0,0.0,0.0,0.0,0.0,0.0,2786.0,22.0,0.0,0.0,0.0,0.0,0.0,1.0,0.0,596.0,24.0
1adbdb5f08d67d8b05328ccc86d297ac01bf076c,1810.03459,What languages do they use?,0,0.0,0,0,0,0,1,38,5,0.0,0.1269841269841269,0.6666666666666666,1.0,1.0,0.0,0.0,2786.0,59.0,0.0,0.1578947368421052,0.0,0.0,0.0,0.0,0.0,406.0,22.0
519db0922376ce1e87fcdedaa626d665d9f3e8ce,1810.04528,Does this paper target European or Brazilian Portuguese?,0,0.0,0,0,0,0,1,41,5,0.0,0.0,0.0,1.0,1.0,0.0,0.0,2508.0,40.0,0.0,0.0,0.0,0.0,0.0,0.0,0.0,284.0,21.0
99a10823623f78dbff9ccecb210f187105a196e9,1810.04528,What were the word embeddings trained on?,0,0.015037594,0,0,0,1,0,40,167,0.0,0.1428571428571428,1.0,1.0,1.0,0.0,0.0,2507.0,55.0,0.0,0.2222222222222222,0.5,1.0,1.0,0.0,0.0,364.0,42.0
09f0dce416a1e40cc6a24a8b42a802747d2c9363,1810.04528,Which word embeddings are analysed?,0,0.0,0,0,0,1,0,38,242,0.0,0.0,1.0,1.0,1.0,0.0,0.0,2505.0,37.0,0.0,0.2608695652173913,1.0,1.0,1.0,0.0,0.0,362.0,47.0
a48c6d968707bd79469527493a72bfb4ef217007,1810.09774,Which training dataset allowed for the best generalization to benchmark sets?,0,0.0,0,0,0,0,1,45,5,0.0,0.0571428571428571,0.0,1.0,1.0,0.0,0.0,2459.0,54.0,0.0,0.0,0.0,0.0,0.0,0.0,0.0,568.0,28.0
b69897deb5fb80bf2adb44f9cbf6280d747271b3,1810.09774,Which model generalized the best?,0,0.0,0,0,0,0,1,38,5,0.0,0.0,1.0,1.0,1.0,0.0,0.0,2675.0,62.0,0.0,0.0,0.0,0.0,0.0,0.0,0.0,550.0,21.0
ad1f230f10235413d1fe501e414358245b415476,1810.09774,Which models were compared?,0,0.0,0,0,0,0,1,37,5,0.0,0.5833333333333334,0.0,1.0,1.0,0.0,0.0,2696.0,52.0,0.0,0.2142857142857142,1.0,0.0,0.0,0.0,0.0,549.0,53.0
7ff48fe5b7bd6b56553caacc891ce3d7e0070440,1811.01299,Does their solution involve connecting images and text?,0,0.0,0,0,0,0,1,41,5,0.0,0.0,0.0,1.0,1.0,0.0,0.0,2756.0,72.0,0.0,0.0,0.0,0.0,0.0,0.0,0.0,357.0,38.0
54a2c08aa55c3db9b30ae2922c96528d3f4fc733,1811.01299,Which model do they use to generate key messages?,0,0.0,0,0,0,0,1,42,5,0.0,0.0377358490566037,0.0,1.0,1.0,0.0,0.0,2752.0,78.0,0.0,0.1176470588235294,0.0,1.0,1.0,0.0,0.0,411.0,39.0
4704cbb35762d0172f5ac6c26b67550921567a65,1811.02906,By how much does transfer learning improve performance on this task?,0,0.0,0,0,0,0,1,44,5,0.0,0.119047619047619,0.0,0.0,0.0,0.0,0.0,2579.0,63.0,0.0,0.1153846153846153,0.0,0.0,0.0,0.0,0.0,314.0,30.0
38a5cc790f66a7362f91d338f2f1d78f48c1e252,1811.02906,What baseline is used?,0,0.0,0,0,0,0,1,37,5,0.0,0.0,0.0,0.0,0.0,0.0,0.0,2660.0,20.0,0.0,0.25,0.0,0.0,0.0,0.0,0.0,155.0,19.0
0da6cfbc8cb134dc3d247e91262f5050a2200664,1811.02906,What topic clusters are identified by LDA?,0,0.036809816,0,0,0,1,0,41,171,0.0,0.074074074074074,1.0,0.0,0.0,0.0,0.0,2566.0,46.0,0.0,0.40625,1.0,0.0,0.0,0.0,0.0,798.0,62.0
3cca26a9474d3b0d278e4dd57e24b227e7c2cd41,1811.09353,What dataset is used?,0,0.0,0,0,0,0,1,37,5,0.0,0.0,0.0,0.0,0.0,0.0,0.0,2488.0,20.0,0.0,0.0,0.0,0.0,0.0,1.0,0.0,107.0,19.0
8f8f2b0046e1a78bd34c0c3d6b6cb24463a8ed7f,1811.09353,What language do they look at?,0,0.0,0,0,0,0,1,39,5,0.0,0.1999999999999999,0.0,1.0,1.0,0.0,0.0,2725.0,24.0,0.0,0.2857142857142857,1.0,1.0,1.0,0.0,0.0,197.0,22.0
593e307d9a9d7361eba49484099c7a8147d3dade,1812.06038,What are causal attribution networks?,0,0.167938931,0,0,0,1,0,38,131,0.0,0.1647058823529411,0.0,1.0,1.0,0.0,0.0,2362.0,86.0,0.0,0.2962962962962963,1.0,0.0,0.0,0.0,0.0,462.0,100.0
1d6c42e3f545d55daa86bea6fabf0b1c52a93bbb,1812.1086,Do some pretraining objectives perform better than others for sentence level understanding tasks?,0,0.0,0,0,0,1,0,47,133,0.0,0.0,1.0,1.0,1.0,0.0,0.0,2607.0,98.0,0.0,0.0,0.0,0.0,0.0,0.0,0.0,575.0,103.0
3aa7173612995223a904cc0f8eef4ff203cbb860,1901.02257,What baseline models do they compare against?,0,0.0,0,0,0,0,1,40,5,0.0,0.064516129032258,0.0,0.0,0.0,0.0,0.0,3270.0,24.0,0.0,0.0,0.0,0.0,0.0,0.0,0.0,343.0,21.0
4e379d6d5f87554fabf6f7f7b6ed92d2025e7280,1901.0386,What problem do they apply transfer learning to?,0,0.0,0,0,0,1,0,41,191,0.0,0.0,0.0,1.0,1.0,0.0,0.0,2456.0,46.0,0.0,0.0,0.0,1.0,1.0,0.0,0.0,305.0,42.0
518d0847b02b4f23a8f441faa38b935c9b892e1e,1901.0386,What are the baselines?,0,0.0,0,0,0,1,0,38,242,0.0,0.048780487804878,1.0,1.0,1.0,0.0,0.0,2453.0,73.0,0.0,0.0689655172413793,0.0,0.0,0.0,0.0,0.0,270.0,64.0
8112d18681e266426cf7432ac4928b87f5ce8311,1901.0386,What languages are considered?,0,0.0,0,0,0,1,0,37,111,0.0,0.1,1.0,0.0,0.0,0.0,0.0,2500.0,27.0,0.0,0.0,0.0,0.0,0.0,1.0,0.0,269.0,19.0
c6e63e3b807474e29bfe32542321d015009e7148,1901.04899,What are the supported natural commands?,0,0.0,0,0,0,0,1,39,5,0.0,0.0930232558139534,1.0,1.0,1.0,0.0,0.0,1382.0,83.0,0.0,0.0,0.0,0.0,0.0,1.0,0.0,168.0,19.0
4ef2fd79d598accc54c084f0cca8ad7c1b3f892a,1901.04899,What is the size of their collected dataset?,0,0.0,0,0,0,0,1,41,5,0.0,0.0,1.0,1.0,1.0,0.0,0.0,1384.0,30.0,0.0,0.1379310344827586,1.0,1.0,1.0,0.0,0.0,717.0,52.0
40e3639b79e2051bf6bce300d06548e7793daee0,1901.04899,Did they compare against other systems?,0,0.0,0,0,0,0,1,39,5,0.0,0.0,0.5,1.0,1.0,0.0,0.0,1382.0,35.0,0.0,0.0,0.0,0.0,0.0,1.0,0.0,715.0,19.0
f08502e952e711c629d40b22ee3f5ff626d62ba8,1901.10746,what approaches are compared?,0,0.0,0,0,0,0,1,37,5,0.0,0.1386138613861386,0.8888888888888888,1.0,1.0,0.0,0.0,2178.0,158.0,0.0,0.0666666666666666,0.0,0.0,0.0,0.0,0.0,581.0,86.0
a458c649a793588911cef4c421f95117d0b9c472,1902.07285,Which strategies show the most promise in deterring these attacks?,0,0.069204152,0,0,0,1,0,44,314,0.0,0.1999999999999999,0.0,0.0,0.0,0.0,0.0,3042.0,63.0,0.0,0.1298701298701298,0.0,0.0,0.0,0.0,0.0,246.0,47.0
af75ad21dda25ec72311c2be4589efed9df2f482,1902.09393,How much does this system outperform prior work?,0,0.0,0,0,0,0,1,41,5,0.0,0.2051282051282051,0.0,0.0,0.0,0.0,0.0,2798.0,33.0,0.0,0.2285714285714285,0.0,0.0,0.0,1.0,0.0,179.0,26.0
de12e059088e4800d7d89e4214a3997994dbc0d9,1902.09393,What are the baseline systems that are compared against?,0,0.059171598,0,0,0,1,0,42,199,0.0,0.2142857142857142,0.0,0.0,0.0,0.0,0.0,3115.0,24.0,0.0,0.2307692307692307,0.0,0.0,0.0,1.0,0.0,288.0,22.0
6adde6bc3e27a32eac5daa57d30ab373f77690be,1903.04715,Is the proposed model more sensitive than previous context-aware models too?,0,0.0,0,0,0,0,1,45,5,0.0,0.0,0.0,1.0,1.0,0.0,0.0,2761.0,62.0,0.0,0.0,0.0,0.0,0.0,0.0,0.0,249.0,34.0
90ad8d7ee27192b89ffcfa4a68302f370e6333a8,1903.04715,In what ways the larger context is ignored for the models that do consider larger context?,0,0.0,0,0,0,1,0,49,346,0.0,0.0,0.0,1.0,1.0,0.0,0.0,2959.0,137.0,0.0,0.0,0.0,0.0,0.0,0.0,0.0,587.0,38.0
e9d9bb87a5c4faa965ceddd98d8b80d4b99e339e,1903.09588,How much do they outperform previous state-of-the-art?,0,0.0,0,0,0,0,1,43,5,0.0,0.0615384615384615,0.0,0.0,0.0,0.0,0.0,2659.0,32.0,0.0,0.0666666666666666,0.0,0.0,0.0,1.0,0.0,521.0,24.0
3554ac92d4f2d00dbf58f7b4ff2b36a852854e95,1903.09588,How do they generate the auxiliary sentence?,0,0.0,0,0,0,0,1,40,5,0.0,0.1647058823529412,0.8888888888888888,1.0,1.0,0.0,0.0,2673.0,205.0,0.0,0.2608695652173913,0.7777777777777778,1.0,1.0,0.0,0.0,518.0,108.0
aa60b0a6c1601e09209626fd8c8bdc463624b0b3,1904.00648,What are their results on the entity recognition task?,0,0.0,0,0,0,0,1,42,5,0.0,0.055045871559633,1.0,1.0,1.0,0.0,0.0,2287.0,158.0,0.0,0.0,0.0,0.0,0.0,0.0,0.0,721.0,55.0
3837ae1e91a4feb27f11ac3b14963e9a12f0c05e,1904.00648,What task-specific features are used?,0,0.0,0,0,0,0,1,39,5,0.0,0.0,0.0,1.0,1.0,0.0,0.0,2506.0,58.0,0.0,0.0921052631578947,1.0,0.0,0.0,0.0,0.0,796.0,282.0
ef4d6c9416e45301ea1a4d550b7c381f377cacd9,1904.00648,What kind of corpus-based features are taken into account?,0,0.030769231,0,0,0,1,0,43,361,0.0,0.3829787234042552,1.0,1.0,1.0,0.0,0.0,2597.0,64.0,0.0,0.0555555555555555,1.0,1.0,1.0,0.0,0.0,800.0,143.0
43d8057ff0d3f0c745a7164aed7ed146674630e0,1904.05527,What do the models that they compare predict?,0,0.0,0,0,0,0,1,41,5,0.0,0.054054054054054,0.5,1.0,1.0,0.0,0.0,2690.0,51.0,0.0,0.0923076923076923,0.0,1.0,1.0,0.0,0.0,529.0,86.0
bc9c31b3ce8126d1d148b1025c66f270581fde10,1905.00563,What datasets are used to evaluate this approach?,0,0.0,0,0,0,0,1,41,5,0.0,0.2857142857142857,0.75,1.0,1.0,0.0,0.0,2396.0,28.0,0.0,0.0,0.0,0.0,0.0,1.0,0.0,400.0,22.0
185841e979373808d99dccdade5272af02b98774,1905.00563,How is this approach used to detect incorrect facts?,0,0.0,0,0,0,0,1,42,5,0.0,0.2420382165605095,0.0,1.0,1.0,0.0,0.0,3376.0,174.0,0.0,0.2463768115942028,0.0,1.0,1.0,0.0,0.0,408.0,112.0
d427e3d41c4c9391192e249493be23926fc5d2e9,1905.00563,Can this adversarial approach be used to directly improve model accuracy?,0,0.0,0,0,0,0,1,45,5,0.0,0.0,0.0,1.0,1.0,0.0,0.0,2529.0,96.0,0.0,0.0,0.0,0.0,0.0,0.0,0.0,270.0,60.0
03502826f4919e251edba1525f84dd42f21b0253,1905.01976,How much better in terms of JSD measure did their model perform?,0,0.0,0,0,0,0,1,46,5,0.0,0.0,0.0,0.0,0.0,0.0,0.0,2651.0,44.0,0.0,0.0,0.0,0.0,0.0,0.0,0.0,465.0,56.0
9368471073c66fefebc04f1820209f563a840240,1905.01976,What does the Jensen-Shannon distance measure?,0,0.0,0,0,0,1,0,41,103,0.0,0.0,0.0,1.0,1.0,0.0,0.0,2635.0,54.0,0.0,0.0,0.0,0.0,0.0,1.0,0.0,387.0,23.0
dfbab3cd991f86d998223726617d61113caa6193,1905.06906,"For the purposes of this paper, how is something determined to be domain specific knowledge?",0,0.043010753,0,0,0,1,0,49,233,0.0,0.1052631578947368,1.0,1.0,1.0,0.0,0.0,2389.0,95.0,0.0,0.0769230769230769,0.0,0.0,0.0,1.0,0.0,198.0,25.0
df510c85c277afc67799abcb503caa248c448ad2,1905.06906,Does the fact that GCNs can perform well on this tell us that the task is simpler than previously thought?,0,0.0,0,0,0,0,1,55,5,0.0,0.0,0.5,0.0,0.0,0.0,0.0,2478.0,75.0,0.0,0.0,1.0,0.0,0.0,0.0,0.0,741.0,77.0
d95180d72d329a27ddf2fd5cc6919f469632a895,1905.06906,Are there conceptual benefits to using GCNs over more complex architectures like attention?,0,0.0,0,0,0,1,0,48,345,0.0,0.0,0.6666666666666666,1.0,1.0,0.0,0.0,2359.0,112.0,0.0,0.0,0.3333333333333333,0.0,0.0,0.0,0.0,751.0,50.0
a12a08099e8193ff2833f79ecf70acf132eda646,1905.08949,Do they cover data augmentation papers?,0,0.0,0,0,0,0,1,39,5,0.0,0.0,0.0,0.0,0.0,0.0,0.0,2847.0,17.0,0.0,0.0,0.0,0.0,0.0,0.0,0.0,658.0,50.0
999b20dc14cb3d389d9e3ba5466bc3869d2d6190,1905.08949,What is the latest paper covered by this survey?,0,0.0,0,0,0,0,1,42,5,0.0,0.0,0.0,0.0,0.0,1.0,0.0,2401.0,25.0,0.0,0.0,0.0,0.0,0.0,1.0,0.0,743.0,22.0
ca4b66ffa4581f9491442dcec78ca556253c8146,1905.08949,Do they survey visual question generation work?,0,0.0,0,0,0,0,1,40,5,0.0,0.0,0.0,0.0,0.0,0.0,0.0,2819.0,54.0,0.0,0.0,0.0,0.0,0.0,0.0,0.0,366.0,21.0
52e8c9ed66ace1780e41815260af1309064d20de,1905.10702,What datasets are used to evaluate the model?,0,0.0,0,0,0,0,1,41,5,0.0,0.2105263157894736,1.0,1.0,1.0,0.0,0.0,3171.0,39.0,0.0,0.125,1.0,1.0,1.0,0.0,0.0,798.0,43.0
44104668796a6ca10e2ea3ecf706541da1cec2cf,1905.1081,What is the difference in performance between the interpretable system (e.g. vectors and cosine distance) and LSTM with ELMo system?,0,0.024242424,0,0,0,1,0,61,420,0.0,0.0851063829787234,0.6666666666666666,1.0,1.0,0.0,0.0,2234.0,113.0,0.0,0.0659340659340659,0.0,0.0,0.0,0.0,0.0,509.0,105.0
bbcd77aac74989f820e84488c52f3767d0405d51,1905.1081,What solutions are proposed for error detection and context awareness?,0,0.0,0,0,0,1,0,43,512,0.0,0.0,0.0,0.0,0.0,0.0,0.0,2216.0,238.0,0.0,0.0,0.0,0.0,0.0,0.0,0.0,565.0,119.0
6a31bd676054222faf46229fc1d283322478a020,1905.1081,How is PIEWi annotated?,0,0.0,0,0,0,0,1,39,5,0.0,0.074074074074074,1.0,1.0,1.0,0.0,0.0,2212.0,77.0,0.0,0.0,0.0,0.0,0.0,0.0,0.0,517.0,20.0
b9025c39838ccc2a79c545bec4a676f7cc4600eb,1905.11037,Why do they think this task is hard?  What is the baseline performance?,0,0.0,0,0,0,0,1,48,5,0.0,0.3166666666666666,1.0,1.0,1.0,0.0,0.0,2667.0,100.0,0.0,0.4222222222222222,1.0,1.0,1.0,0.0,0.0,341.0,66.0
be6971827707afcd13af3085d0a775a0bd61c5dd,1905.11037,Isn't simple word association enough to predict the next spell?,0,0.0,0,0,0,0,1,44,5,0.0,0.0,0.0,1.0,1.0,0.0,0.0,2663.0,115.0,0.0,0.0,0.0,0.0,0.0,0.0,0.0,559.0,58.0
19608e727b527562b750949e41e763908566b58e,1905.11037,"Do they literally just treat this as ""predict the next spell that appears in the text""?",0,0.0,0,0,0,0,1,50,5,0.0,0.0,1.0,1.0,1.0,0.0,0.0,2669.0,43.0,0.0,0.0,0.0,1.0,1.0,0.0,0.0,343.0,63.0
42812113ec720b560eb9463ff5e74df8764d1bff,1906.0018,How does the automatic theorem prover infer the relation?,0,0.0,0,0,0,1,0,42,325,0.0,0.0,0.0,1.0,1.0,0.0,0.0,2757.0,43.0,0.0,0.0,0.0,0.0,0.0,1.0,0.0,476.0,36.0
4f4892f753b1d9c5e5e74c7c94d8c9b6ef523e7b,1906.0018,"If these model can learn the first-order logic on artificial language, why can't it lear for natural language?",0,0.0,0,0,0,1,0,53,275,0.0,0.0,0.0,1.0,1.0,0.0,0.0,2473.0,116.0,0.0,0.0,0.0,0.0,0.0,0.0,0.0,515.0,102.0
f258ada8577bb71873581820a94695f4a2c223b3,1906.0018,How many samples did they generate for the artificial language?,0,0.0,0,0,0,0,1,43,5,0.0,0.0,1.0,0.0,0.0,0.0,0.0,2477.0,22.0,0.0,0.0,0.0,0.0,0.0,0.0,0.0,505.0,27.0
2ba0c7576eb5b84463a59ff190d4793b67f40ccc,1906.02715,How were the feature representations evaluated?,0,0.0,0,0,0,0,1,39,5,0.0,0.0526315789473684,0.25,1.0,1.0,0.0,0.0,2586.0,136.0,0.0,0.1034482758620689,0.0,0.0,0.0,0.0,0.0,390.0,56.0
c58e60b99a6590e6b9a34de96c7606b004a4f169,1906.02715,What linguistic features were probed for?,0,0.0,0,0,0,0,1,40,5,0.0,0.1025641025641025,0.5,1.0,1.0,0.0,0.0,2811.0,52.0,0.0,0.0606060606060606,0.0,0.0,0.0,0.0,0.0,537.0,51.0
a22b900fcd76c3d36b5679691982dc6e9a3d34bf,1906.03338,Do they report results only on English data?,0,0.0,0,0,0,0,1,41,5,0.0,0.0,0.0,0.0,0.0,0.0,0.0,2668.0,37.0,0.0,0.0,0.0,0.0,0.0,0.0,0.0,1496.0,37.0
fb2593de1f5cc632724e39d92e4dd82477f06ea1,1906.03338,How do they demonstrate the robustness of their results?,0,0.028301887,0,0,0,1,0,42,263,0.0,0.0454545454545454,0.0,1.0,1.0,0.0,0.0,2731.0,109.0,0.0,0.0833333333333333,1.0,1.0,1.0,0.0,0.0,1497.0,116.0
476d0b5579deb9199423bb843e584e606d606bc7,1906.03338,What baseline and classification systems are used in experiments?,0,0.014760148,0,0,0,1,0,42,376,0.0,0.0408163265306122,1.0,1.0,1.0,0.0,0.0,2333.0,81.0,0.0,0.1176470588235294,0.0,0.0,0.0,0.0,0.0,304.0,23.0
b540cd4fe9dc4394f64d5b76b0eaa4d9e30fb728,1906.05474,Could you tell me more about the metrics used for performance evaluation?,0,0.030690537,0,0,0,1,0,45,510,0.0,0.1008403361344537,0.5454545454545454,1.0,1.0,0.0,0.0,2544.0,162.0,0.0,0.1265822784810126,0.1818181818181818,1.0,1.0,0.0,0.0,395.0,86.0
41173179efa6186eef17c96f7cbd8acb29105b0e,1906.05474,which tasks are used in BLUE benchmark?,0,0.125,0,0,0,1,0,40,193,0.0,0.1578947368421052,0.0,1.0,1.0,0.0,0.0,2487.0,39.0,0.0,0.2424242424242424,0.0,0.0,0.0,0.0,0.0,147.0,21.0
1083ec9a2a33f7fe2b6b51bbcebd2d9aec4b4de2,1906.06045,What is the training objective of their pair-to-sequence model?,0,0.0,0,0,0,0,1,45,5,0.0,0.3846153846153846,0.0,1.0,1.0,0.0,0.0,2753.0,78.0,0.0,0.6582278481012659,1.0,0.0,0.0,0.0,0.0,275.0,101.0
58a00ca123d67b9be55021493384c0acef4c568d,1906.06045,How do they ensure the generated questions are unanswerable?,0,0.049019608,0,0,0,1,0,44,260,0.0,0.1846153846153846,1.0,1.0,1.0,0.0,0.0,2864.0,74.0,0.0,0.1666666666666666,0.0,0.0,0.0,0.0,0.0,843.0,71.0
199bdb3a6b1f7c89d95ea6c6ddbbb5eff484fa1f,1906.06045,Does their approach require a dataset of unanswerable questions mapped to similar answerable questions?,0,0.0,0,0,0,0,1,50,5,0.0,0.0,0.0,1.0,1.0,0.0,0.0,2974.0,56.0,0.0,0.0,0.0,0.0,0.0,0.0,0.0,224.0,45.0
c431c142f5b82374746a2b2f18b40c6874f7131d,1906.06442,What datasets was the method evaluated on?,0,0.04494382,0,0,0,0,1,40,5,0.0,0.0808080808080808,0.75,1.0,1.0,0.0,0.0,2619.0,42.0,0.0,0.0776699029126213,0.0,1.0,1.0,0.0,0.0,838.0,47.0
c0a11ba0f6bbb4c69b5a0d4ae9d18e86a4a8f354,1906.06448,Do they release MED?,0,0.0,0,0,0,0,1,37,5,0.0,0.0,1.0,0.0,0.0,0.0,0.0,3001.0,29.0,0.0,0.0,1.0,0.0,0.0,0.0,0.0,938.0,32.0
dfc393ba10ec4af5a17e5957fcbafdffdb1a6443,1906.06448,What NLI models do they analyze?,0,0.0,0,0,0,0,1,40,5,0.0,0.0,0.0,0.0,0.0,0.0,0.0,2704.0,21.0,0.0,0.0,0.0,0.0,0.0,0.0,0.0,941.0,30.0
311a7fa62721e82265f4e0689b4adc05f6b74215,1906.06448,How do they define upward and downward reasoning?,0,0.207920792,0,0,0,1,0,41,211,0.0,0.2888888888888888,0.0,1.0,1.0,0.0,0.0,3037.0,82.0,0.0,0.1777777777777777,0.0,0.0,0.0,0.0,0.0,254.0,20.0
b5a2b03cfc5a64ad4542773d38372fffc6d3eac7,1906.09774,How are EAC evaluated?,0,0.044052863,0,0,0,1,0,38,260,0.0,0.1612903225806451,0.8333333333333334,1.0,1.0,0.0,0.0,2483.0,171.0,0.0,0.2318840579710144,0.0,1.0,1.0,0.0,0.0,576.0,85.0
b093b440ae3cd03555237791550f3224d159d85b,1906.09774,What are the currently available datasets for EAC?,0,0.0,0,0,0,0,1,42,5,0.0,0.1123595505617977,0.0,1.0,1.0,0.0,0.0,2459.0,97.0,0.0,0.1095890410958904,0.0,1.0,1.0,0.0,0.0,580.0,81.0
ad16c8261c3a0b88c685907387e1a6904eb15066,1906.09774,What are the research questions posed in the paper regarding EAC studies?,0,0.0,0,0,0,0,1,46,5,0.0,0.7076923076923077,1.0,1.0,1.0,0.0,0.0,2506.0,65.0,0.0,0.7096774193548386,1.0,0.0,0.0,0.0,0.0,584.0,59.0
9c4ed8ca59ba6d240f031393b01f634a9dc3615d,1906.10519,what baseline do they compare to?,0,0.0,0,0,0,0,1,39,5,0.0,0.0,0.0,1.0,1.0,0.0,0.0,2876.0,43.0,0.0,0.0,0.0,1.0,1.0,0.0,0.0,529.0,35.0
61b0db2b5718d409b07f83f912bad6a788bfee5a,1906.10551,Do they report results only on English data?,0,0.0,0,0,0,0,1,41,5,0.0,0.0,0.0,0.0,0.0,0.0,0.0,2622.0,46.0,0.0,0.0,0.0,0.0,0.0,0.0,0.0,742.0,34.0
b217d9730ba469f48426280945dbb77542b39183,1906.10551,Which is the best performing method?,0,0.0,0,0,0,0,1,39,5,0.0,0.1176470588235294,0.0,1.0,1.0,0.0,0.0,2702.0,54.0,0.0,0.0499999999999999,0.0,0.0,0.0,0.0,0.0,740.0,44.0
8c0846879771c8f3915cc2e0718bee448f5cb007,1906.10551,What size are the corpora?,0,0.0,0,0,0,0,1,39,5,0.0,0.196078431372549,0.6666666666666666,0.0,0.0,0.0,0.0,2739.0,68.0,0.0,0.1904761904761904,1.0,0.0,0.0,0.0,0.0,1131.0,56.0
0bd864f83626a0c60f5e96b73fb269607afc7c09,1906.11604,How are sentence embeddings incorporated into the speech recognition system?,0,0.163822526,0,0,0,1,0,43,300,0.0,0.3304347826086956,0.0,1.0,1.0,0.0,0.0,2922.0,95.0,0.0,0.3908045977011494,0.4705882352941176,0.0,0.0,0.0,0.0,536.0,48.0
6e2ad9ad88cceabb6977222f5e090ece36aa84ea,1907.05664,Which baselines did they compare?,0,0.0,0,0,0,0,1,39,5,0.0,0.0560747663551401,1.0,0.0,0.0,0.0,0.0,2486.0,49.0,0.0,0.0232558139534883,0.0,0.0,0.0,1.0,0.0,420.0,22.0
aacb0b97aed6fc6a8b471b8c2e5c4ddb60988bf5,1907.05664,How many attention layers are there in their model?,0,0.0,0,0,0,0,1,42,5,0.0,0.0,0.0,0.0,0.0,0.0,0.0,2160.0,22.0,0.0,0.0,0.0,0.0,0.0,0.0,0.0,232.0,22.0
710c1f8d4c137c8dad9972f5ceacdbf8004db208,1907.05664,Is the explanation from saliency map correct?,0,0.0,0,0,0,0,1,41,5,0.0,0.0,0.5,1.0,1.0,0.0,0.0,2242.0,101.0,0.0,0.0,0.5,1.0,1.0,0.0,0.0,512.0,68.0
e6c163f80a11bd057bbd0b6e1451ac82edddc78d,1908.0106,Do they test their approach on large-resource tasks?,0,0.0,0,0,0,0,1,42,5,0.0,0.0,1.0,1.0,1.0,0.0,0.0,2541.0,39.0,0.0,0.0,0.0,0.0,0.0,1.0,0.0,188.0,23.0
6adfa9eee76b96953a76c03356bf41d8a9378851,1908.0106,"By how much do they, on average, outperform the baseline multilingual model on 16 low-resource tasks?",0,0.0,0,0,0,0,1,53,5,0.0,0.48,1.0,1.0,1.0,0.0,0.0,2588.0,35.0,0.0,0.0769230769230769,0.0,0.0,0.0,0.0,0.0,406.0,29.0
450a359d117bcfa2de4ffd987f787945f25b3b25,1908.0106,How do they compute corpus-level embeddings?,0,0.037037037,0,0,0,1,0,40,405,0.0,0.3243243243243243,0.2,1.0,1.0,0.0,0.0,2556.0,35.0,0.0,0.1935483870967742,0.2,0.0,0.0,0.0,0.0,186.0,22.0
3c3cb51093b5fd163e87a773a857496a4ae71f03,1908.08419,How does the scoring model work?,0,0.109324759,0,0,0,1,0,39,340,0.0,0.556390977443609,1.0,1.0,1.0,0.0,0.0,2854.0,114.0,0.0,0.3387978142076502,1.0,1.0,1.0,0.0,0.0,1380.0,169.0
53a0763eff99a8148585ac642705637874be69d4,1908.08419,How does the active learning model work?,0,0.192307692,0,0,0,1,0,40,312,0.0,0.4499999999999999,0.0,1.0,1.0,0.0,0.0,2800.0,126.0,0.0,0.3188405797101449,0.0,0.0,0.0,0.0,0.0,337.0,87.0
0bfed6f9cfe93617c5195c848583e3945f2002ff,1908.08419,Which neural network architectures are employed?,0,0.014492754,0,0,0,1,0,39,387,0.0,0.2608695652173913,1.0,1.0,1.0,0.0,0.0,2317.0,41.0,0.0,0.2857142857142857,1.0,1.0,1.0,0.0,0.0,1380.0,41.0
b236b9827253037b2fd7884d7bfec74619d96293,1908.09137,How much better performance of proposed model compared to answer-selection models?,0,0.0,0,0,0,0,1,45,5,0.0,0.6,1.0,1.0,1.0,0.0,0.0,2783.0,57.0,0.0,0.3380281690140845,1.0,0.0,0.0,0.0,0.0,429.0,99.0
b53efdbb9e53a65cd3828a3eb485c70f782a06e5,1908.09137,How are some nodes initially connected based on text structure?,0,0.04494382,0,0,0,1,0,43,214,0.0,0.3508771929824561,1.0,1.0,1.0,0.0,0.0,2709.0,61.0,0.0,0.1379310344827586,0.0,0.0,0.0,0.0,0.0,323.0,26.0
fb427239c8d44f524a6c1bf1ce5c3383d5c33e52,1908.10322,How many parameters does the model have?,0,0.0,0,0,0,0,1,40,5,0.0,0.5,1.0,1.0,1.0,0.0,0.0,2574.0,23.0,0.0,0.1052631578947368,0.0,0.0,0.0,0.0,0.0,627.0,21.0
7c45c6e5db6cfca2d6de8751e28403b35420ae38,1908.10322,How many characters are accepted as input of the language model?,0,0.044444444,0,0,0,1,0,44,98,0.0,0.0,1.0,1.0,1.0,0.0,0.0,2589.0,79.0,0.0,0.0833333333333333,0.0,0.0,0.0,0.0,0.0,774.0,24.0
63850ac98a47ae49f0f49c1c1a6e45c6c447272c,1908.10383,What is the problem with existing metrics that they are trying to address?,0,0.071111111,0,0,0,1,0,46,256,0.0,0.0909090909090909,1.0,1.0,1.0,0.0,0.0,2500.0,104.0,0.0,0.112,0.0,1.0,1.0,0.0,0.0,656.0,131.0
313087c69caeab2f58e7abd62664d3bd93618e4e,1908.10383,How do they evaluate their proposed metric?,0,0.04743083,0,0,0,1,0,40,297,0.0,0.135593220338983,1.0,1.0,1.0,0.0,0.0,2494.0,121.0,0.0,0.1851851851851851,1.0,1.0,1.0,0.0,0.0,650.0,133.0
8ec2ca6c7f60c46eedac1fe0530b5c4448800fec,1908.10383,What is a facet?,0,0.0,0,0,0,1,0,37,129,0.0,0.0,0.0,1.0,1.0,0.0,0.0,2491.0,74.0,0.0,0.0,0.0,0.0,0.0,0.0,0.0,191.0,18.0
1ef5fc4473105f1c72b4d35cf93d312736833d3d,1908.10449,Do they provide decision sequences as supervision while training models?,0,0.0,0,0,0,1,0,43,88,0.0,0.0,0.0,0.0,0.0,0.0,0.0,2962.0,39.0,0.0,0.0,0.0,0.0,0.0,0.0,0.0,787.0,36.0
5f9bd99a598a4bbeb9d2ac46082bd3302e961a0f,1908.10449,What are the models evaluated on?,0,0.037558685,0,0,0,1,0,39,259,0.0,0.2539682539682539,0.8,1.0,1.0,0.0,0.0,2695.0,65.0,0.0,0.1463414634146341,0.0,0.0,0.0,0.0,0.0,674.0,42.0
b2fab9ffbcf1d6ec6d18a05aeb6e3ab9a4dbf2ae,1908.10449,How do they train models in this setup?,0,0.0,0,0,0,0,1,41,5,0.0,0.1428571428571428,0.0,0.0,0.0,0.0,0.0,2667.0,41.0,0.0,0.1159420289855072,0.0,0.0,0.0,0.0,0.0,676.0,58.0
de015276dcde4e7d1d648c6e31100ec80f61960f,1908.11279,Do the authors perform experiments using their proposed method?,0,0.0,0,0,0,0,1,42,5,0.0,0.0,0.5,0.0,0.0,0.0,0.0,2383.0,38.0,0.0,0.0,0.0,0.0,0.0,1.0,0.0,580.0,23.0
3288a50701a80303fd71c8c5ede81cbee14fa2c7,1908.11365,Is the proposed layer smaller in parameters than a Transformer?,0,0.0,0,0,0,0,1,43,5,0.0,0.0,0.0,1.0,1.0,0.0,0.0,2576.0,68.0,0.0,0.0,0.0,0.0,0.0,1.0,0.0,668.0,38.0
da544015511e535503dee2eaf4912a5e36c806cd,1908.11425,What is the architecture of the model?,0,0.0,0,0,0,0,1,40,5,0.0,0.0638297872340425,0.5,1.0,1.0,0.0,0.0,2748.0,124.0,0.0,0.0,0.0,0.0,0.0,1.0,0.0,326.0,20.0
7bc993b32484d6ae3c86d0b351a68e59fd2757a5,1908.11425,What language do they look at?,0,0.0,0,0,0,0,1,39,5,0.0,0.0,0.0,1.0,1.0,0.0,0.0,2796.0,19.0,0.0,0.0,0.0,1.0,1.0,0.0,0.0,325.0,36.0
63eb31f613a41a3ddd86f599e743ed10e1cd07ba,1909.001,What codemixed language pairs are evaluated?,0,0.0,0,0,0,0,1,41,5,0.0,0.0,1.0,1.0,1.0,0.0,0.0,6044.0,21.0,0.0,0.0,1.0,0.0,0.0,0.0,0.0,289.0,25.0
d2804ac0f068e9c498e33582af9c66906b26cac3,1909.001,How do they compress the model?,0,0.055749129,0,0,0,1,0,39,327,0.0,0.072072072072072,0.0,1.0,1.0,0.0,0.0,6042.0,123.0,0.0,0.1265822784810126,0.0,0.0,0.0,0.0,0.0,291.0,56.0
e24fbcc8be922c43f6b6037cdf2bfd4c0a926c08,1909.001,What is the multilingual baseline?,0,0.017857143,0,0,0,1,0,38,126,0.0,0.0714285714285714,1.0,1.0,1.0,0.0,0.0,4966.0,50.0,0.0,0.1428571428571428,0.0,0.0,0.0,1.0,0.0,279.0,19.0
21cbcd24863211b02b436f21deaf02125f34da4c,1909.00107,On which dataset is model trained?,0,0.0,0,0,0,0,1,39,5,0.0,0.2857142857142857,1.0,1.0,1.0,0.0,0.0,2743.0,24.0,0.0,0.0,0.0,0.0,0.0,1.0,0.0,317.0,23.0
37bc8763eb604c14871af71cba904b7b77b6e089,1909.00107,How is module that analyzes behavioral state trained?,0,0.050632911,0,0,0,1,0,41,387,0.0,0.3846153846153846,1.0,1.0,1.0,0.0,0.0,2745.0,91.0,0.0,0.1176470588235294,0.0,0.0,0.0,1.0,0.0,319.0,25.0
045dbdbda5d96a672e5c69442e30dbf21917a1ee,1909.00124,How does the model differ from Generative Adversarial Networks?,0,0.0,0,0,0,1,0,45,207,0.0,0.0,0.0,1.0,1.0,0.0,0.0,2968.0,228.0,0.0,0.0,0.0,0.0,0.0,0.0,0.0,1161.0,52.0
c20b012ad31da46642c553ce462bc0aad56912db,1909.00124,What is the dataset used to train the model?,0,0.0,0,0,0,0,1,42,5,0.0,0.0597014925373134,0.0,1.0,1.0,0.0,0.0,3249.0,103.0,0.0,0.2941176470588235,1.0,1.0,1.0,0.0,0.0,1158.0,91.0
13e87f6d68f7217fd14f4f9a008a65dd2a0ba91c,1909.00124,What is the performance of the model?,0,0.0,0,0,0,0,1,40,5,0.0,0.145985401459854,0.6666666666666666,1.0,1.0,0.0,0.0,3052.0,123.0,0.0,0.128440366972477,0.6666666666666666,1.0,1.0,0.0,0.0,1156.0,93.0
f3d0e6452b8d24b7f9db1fd898d1fbe6cd23f166,1909.02764,Does the paper evaluate any adjustment to improve the predicion accuracy of face and audio features?,0,0.0,0,0,0,0,1,50,5,0.0,0.0,0.0,1.0,1.0,0.0,0.0,2685.0,81.0,0.0,0.0,0.0,0.0,0.0,1.0,0.0,353.0,28.0
9b1d789398f1f1a603e4741a5eee63ccaf0d4a4f,1909.02764,How is face and audio data analysis evaluated?,0,0.0,0,0,0,1,0,41,514,0.0,0.0421052631578947,1.0,1.0,1.0,0.0,0.0,2743.0,130.0,0.0,0.0,0.0,0.0,0.0,0.0,0.0,818.0,54.0
00bcdffff7e055f99aaf1b05cf41c98e2748e948,1909.02764,What is the baseline method for the task?,0,0.0,0,0,0,0,1,41,5,0.0,0.3157894736842105,0.0,1.0,1.0,0.0,0.0,2566.0,58.0,0.0,0.3243243243243243,0.0,0.0,0.0,0.0,0.0,818.0,30.0
6147846520a3dc05b230241f2ad6d411d614e24c,1909.03464,What are three challenging tasks authors evaluated their sequentially aligned representations?,0,0.0,0,0,0,0,1,45,5,0.0,0.1428571428571428,0.0,1.0,1.0,0.0,0.0,2349.0,68.0,0.0,0.0,0.0,0.0,0.0,1.0,0.0,377.0,30.0
7772cb23b7609f1d4cfd6511ac3fcdc20f8481ba,1909.03544,What previous approaches did this method outperform?,0,0.0,0,0,0,0,1,40,5,0.0,0.0,0.5,1.0,1.0,0.0,0.0,2754.0,106.0,0.0,0.0,0.0,0.0,0.0,0.0,0.0,449.0,81.0
acf278679c584ae4f332f6134711602af26edfb4,1909.03544,How big is the Universal Dependencies corpus?,0,0.0,0,0,0,1,0,40,117,0.0,0.0,0.0,0.0,0.0,0.0,0.0,2783.0,22.0,0.0,0.0,0.0,0.0,0.0,1.0,0.0,188.0,21.0
13f7d50b3b8b0b97d90401eeb0a4e97c9eab3a76,1909.03544,What data is the Prague Dependency Treebank built on?,0,0.0,0,0,0,1,0,43,82,0.0,0.0,0.0,1.0,1.0,0.0,0.0,2917.0,31.0,0.0,0.0,0.0,0.0,0.0,1.0,0.0,267.0,27.0
8568c82078495ab421ecbae38ddd692c867eac09,1909.05246,How many layers of self-attention does the model have?,0,0.0,0,0,0,0,1,44,5,0.0,0.0,0.0,0.0,0.0,0.0,0.0,2719.0,25.0,0.0,0.0,0.0,0.0,0.0,0.0,0.0,323.0,25.0
2ea382c676e418edd5327998e076a8c445d007a5,1909.05246,Is human evaluation performed?,0,0.0,0,0,0,1,0,37,91,0.0,0.0,0.0,0.0,0.0,0.0,0.0,2668.0,19.0,0.0,0.0,0.0,0.0,0.0,1.0,0.0,316.0,18.0
bd7a95b961af7caebf0430a7c9f675816c9c527f,1909.05246,What are the three datasets used?,0,0.0,0,0,0,0,1,39,5,0.0,0.0714285714285714,1.0,1.0,1.0,0.0,0.0,2631.0,65.0,0.0,0.0,0.0,0.0,0.0,0.0,0.0,820.0,20.0
d7aed39c359fd381495b12996c4dfc1d3da38ed5,1909.05438,How is the back-translation model trained?,0,0.049382716,0,0,0,1,0,41,294,0.0,0.1138211382113821,0.0,1.0,1.0,0.0,0.0,2591.0,136.0,0.0,0.1935483870967742,0.0,0.0,0.0,1.0,0.0,782.0,24.0
9c423e3b44e3acc2d4b0606688d4ac9d6285ed0f,1909.05438,Are the rules dataset specific?,0,0.0,0,0,0,1,0,38,83,0.0,0.0,0.6666666666666666,1.0,1.0,0.0,0.0,2399.0,46.0,0.0,0.0,0.0,0.0,0.0,1.0,0.0,308.0,22.0
b6fb72437e3779b0e523b9710e36b966c23a2a40,1909.05438,How many rules had to be defined?,0,0.0,0,0,0,0,1,40,5,0.0,0.0625,1.0,0.0,0.0,0.0,0.0,2601.0,22.0,0.0,0.0666666666666666,0.0,0.0,0.0,1.0,0.0,781.0,20.0
3ee721c3531bf1b9a1356a40205d088c9a7a44fc,1909.05855,How did they gather the data?,0,0.0,0,0,0,0,1,39,5,0.0,0.1428571428571428,0.0,1.0,1.0,0.0,0.0,2902.0,86.0,0.0,0.048780487804878,0.0,0.0,0.0,1.0,0.0,419.0,21.0
6dcbe941a3b0d5193f950acbdc574f1cfb007845,1909.05855,What are the domains covered in the dataset?,0,0.0,0,0,0,0,1,41,5,0.0,0.0,0.6666666666666666,1.0,1.0,0.0,0.0,2881.0,49.0,0.0,0.0,0.0,0.0,0.0,0.0,0.0,659.0,17.0
2e3265d83d2a595293ed458152d3ee76ad19e244,1909.07512,What news dataset was used?,0,0.0,0,0,0,0,1,38,5,0.0,0.3913043478260868,1.0,1.0,1.0,0.0,0.0,2630.0,57.0,0.0,0.0,0.0,0.0,0.0,0.0,0.0,419.0,20.0
c2432884287dca4af355698a543bc0db67a8c091,1909.07512,How do they determine similarity between predicted word and topics?,0,0.035971223,0,0,0,1,0,43,337,0.0,0.2758620689655173,1.0,1.0,1.0,0.0,0.0,2632.0,96.0,0.0,0.1428571428571428,0.0,0.0,0.0,1.0,0.0,424.0,23.0
226ae469a65611f041de3ae545be0e386dba7d19,1909.07512,What is the language model pre-trained on?,0,0.024691358,0,0,0,1,0,41,92,0.0,0.16,1.0,1.0,1.0,0.0,0.0,2425.0,36.0,0.0,0.0,0.0,0.0,0.0,0.0,0.0,338.0,20.0
c80669cb444a6ec6249b971213b0226f59940a82,1909.0809,"On average, by how much do they reduce the diarization error?",0,0.0,0,0,0,0,1,46,5,0.0,0.0,0.0,0.0,0.0,0.0,0.0,2400.0,29.0,0.0,0.0,0.0,0.0,0.0,0.0,0.0,398.0,39.0
10045d7dac063013a8447b5a4bc3a3c2f18f9e82,1909.0809,Do they compare their algorithm to voting without weights?,0,0.0,0,0,0,0,1,42,5,0.0,0.0,0.0,1.0,1.0,0.0,0.0,2712.0,68.0,0.0,0.0,0.0,0.0,0.0,0.0,0.0,394.0,23.0
4e4946c023211712c782637fcca523deb126e519,1909.0809,How do they assign weights between votes in their DOVER algorithm?,0,0.0,0,0,0,0,1,45,5,0.0,0.0,0.0,1.0,1.0,0.0,0.0,2446.0,125.0,0.0,0.0,0.0,0.0,0.0,0.0,0.0,589.0,25.0
f5cf8738e8d211095bb89350ed05ee7f9997eb19,1909.08402,By how much do they outperform standard BERT?,0,0.0,0,0,0,0,1,42,5,0.0,0.054054054054054,0.0,0.0,0.0,0.0,0.0,2717.0,42.0,0.0,0.6,1.0,1.0,1.0,0.0,0.0,565.0,30.0
bed527bcb0dd5424e69563fba4ae7e6ea1fca26a,1909.08402,What dataset do they use?,0,0.0,0,0,0,0,1,38,5,0.0,0.6363636363636364,0.5,1.0,1.0,0.0,0.0,2640.0,28.0,0.0,0.0,0.5,1.0,1.0,0.0,0.0,525.0,60.0
aeab5797b541850e692f11e79167928db80de1ea,1909.08402,How do they combine text representations with the knowledge graph embeddings?,0,0.02640264,0,0,0,1,0,44,369,0.0,0.0941176470588235,0.0,1.0,1.0,0.0,0.0,2332.0,98.0,0.0,0.0754716981132075,0.0,0.0,0.0,0.0,0.0,567.0,60.0
a883bb41449794e0a63b716d9766faea034eb359,1909.08859,What multimodality is available in the dataset?,0,0.0,0,0,0,0,1,42,5,0.0,0.2181818181818182,0.6,1.0,1.0,0.0,0.0,2698.0,54.0,0.0,0.163265306122449,0.0,0.0,0.0,0.0,0.0,372.0,46.0
5d83b073635f5fd8cd1bdb1895d3f13406583fbd,1909.08859,What are previously reported models?,0,0.0,0,0,0,1,0,38,195,0.0,0.0512820512820512,1.0,1.0,1.0,0.0,0.0,2553.0,105.0,0.0,0.0,0.0,0.0,0.0,0.0,0.0,659.0,56.0
171ebfdc9b3a98e4cdee8f8715003285caeb2f39,1909.08859,How better is accuracy of new model compared to previously reported models?,0,0.0,0,0,0,0,1,45,5,0.0,0.0930232558139535,0.0,1.0,1.0,0.0,0.0,2611.0,46.0,0.0,0.09375,0.0,0.0,0.0,0.0,0.0,283.0,60.0
b366706e2fff6dd8edc89cc0c6b9d5b0790f43aa,1909.09484,What metrics are used to measure performance of models?,0,0.0,0,0,0,1,0,42,475,0.0,0.032258064516129,0.5,1.0,1.0,0.0,0.0,2881.0,85.0,0.0,0.0,0.0,0.0,0.0,1.0,0.0,273.0,23.0
c165ea43256d7ee1b1fb6f5c0c8af5f7b585e60d,1909.09484,How much is proposed model better than baselines in performed experiments?,0,0.0,0,0,0,0,1,45,5,0.0,0.2,0.0,1.0,1.0,0.0,0.0,2503.0,67.0,0.0,0.1639344262295081,0.0,0.0,0.0,0.0,0.0,866.0,39.0
e72a672f8008bbc52b93d8037a5fedf8956136af,1909.09484,What are state-of-the-art baselines?,0,0.0,0,0,0,1,0,41,115,0.0,0.0,0.0,0.0,0.0,0.0,0.0,2871.0,41.0,0.0,0.125,1.0,1.0,1.0,0.0,0.0,294.0,48.0
bd3ccb63fd8ce5575338d7332e96def7a3fabad6,1910.00912,Which publicly available NLU dataset is used?,0,0.016949153,0,0,0,1,0,41,179,0.0,0.3076923076923077,0.0,1.0,1.0,0.0,0.0,2646.0,35.0,0.0,0.125,0.0,0.0,0.0,1.0,0.0,204.0,23.0
7c794fa0b2818d354ca666969107818a2ffdda0c,1910.00912,What metrics other than entity tagging are compared?,0,0.036697248,0,0,0,1,0,41,278,0.0,0.2,0.2857142857142857,1.0,1.0,0.0,0.0,2953.0,29.0,0.0,0.1666666666666666,0.0,0.0,0.0,1.0,0.0,204.0,23.0
0ee20a3a343e1e251b74a804e9aa1393d17b46d6,1910.01363,How can the classifier facilitate the annotation task for human annotators?,0,0.141732283,0,0,0,1,0,45,283,0.0,0.2941176470588235,1.0,1.0,1.0,0.0,0.0,2704.0,105.0,0.0,0.3466666666666667,0.0,1.0,1.0,0.0,0.0,214.0,68.0
f0e8f045e2e33a2129e67fb32f356242db1dc280,1910.01363,What recommendations are made to improve the performance in future?,0,0.0,0,0,0,0,1,43,5,0.0,0.1298701298701298,1.0,1.0,1.0,0.0,0.0,2178.0,89.0,0.0,0.0,0.0,0.0,0.0,1.0,0.0,214.0,22.0
b6c235d5986914b380c084d9535a7b01310c0278,1910.01363,What type of errors do the classifiers use?,0,0.111888112,0,0,0,1,0,41,167,0.0,0.0806451612903225,0.2,1.0,1.0,0.0,0.0,2193.0,152.0,0.0,0.1333333333333333,0.0,0.0,0.0,1.0,0.0,210.0,23.0
9c4a4dfa7b0b977173e76e2d2f08fa984af86f0e,1910.02339,How does TP-N2F compare to LSTM-based Seq2Seq in terms of training and inference speed?,0,0.0,0,0,0,1,0,54,223,0.0,0.0,0.6666666666666666,0.0,0.0,0.0,0.0,3278.0,47.0,0.0,0.0,0.0,0.0,0.0,1.0,0.0,333.0,38.0
4c7ac51a66c15593082e248451e8f6896e476ffb,1910.02339,What is the performance proposed model achieved on AlgoList benchmark?,0,0.0,0,0,0,0,1,44,5,0.0,0.1714285714285714,0.6666666666666666,1.0,1.0,0.0,0.0,3071.0,46.0,0.0,0.1714285714285714,0.6666666666666666,0.0,0.0,0.0,0.0,486.0,48.0
05671d068679be259493df638d27c106e7dd36d0,1910.02339,What is the performance proposed model achieved on MathQA?,0,0.0,0,0,0,0,1,43,5,0.0,0.0579710144927536,0.6666666666666666,1.0,1.0,0.0,0.0,3452.0,97.0,0.0,0.0,0.0,0.0,0.0,0.0,0.0,485.0,25.0
52f7e42fe8f27d800d1189251dfec7446f0e1d3b,1910.03891,How much better is performance of proposed method than state-of-the-art methods in experiments?,0,0.0,0,0,0,0,1,49,5,0.0,0.1428571428571428,0.0,1.0,1.0,0.0,0.0,2982.0,34.0,0.0,0.24,0.0,0.0,0.0,1.0,0.0,251.0,33.0
00e6324ecd454f5d4b2a4b27fcf4104855ff8ee2,1910.03891,What further analysis is done?,0,0.0,0,0,0,0,1,38,5,0.0,0.048780487804878,1.0,1.0,1.0,0.0,0.0,2898.0,153.0,0.0,0.08,0.0,0.0,0.0,0.0,0.0,835.0,51.0
aa0d67c2a1bc222d1f2d9e5d51824352da5bb6dc,1910.03891,What seven state-of-the-art methods are used for comparison?,0,0.0,0,0,0,0,1,44,5,0.0,0.0,0.0,1.0,1.0,0.0,0.0,2953.0,30.0,0.0,0.0,0.0,0.0,0.0,0.0,0.0,841.0,26.0
439af1232a012fc4d94ef2ffe305dd405bee3888,1910.06061,What is baseline used?,0,0.0,0,0,0,1,0,37,228,0.0,0.0,1.0,1.0,1.0,0.0,0.0,2767.0,28.0,0.0,0.0606060606060606,0.0,1.0,1.0,0.0,0.0,468.0,54.0
b6a6bdca6dee70f8fe6dd1cfe3bb2c5ff03b1605,1910.06061,Did they evaluate against baseline?,0,0.0,0,0,0,0,1,38,5,0.0,0.0,1.0,1.0,1.0,0.0,0.0,2609.0,47.0,0.0,0.0,0.0,0.0,0.0,0.0,0.0,534.0,39.0
8951fde01b1643fcb4b91e51f84e074ce3b69743,1910.06061,How they evaluate their approach?,0,0.033519553,0,0,0,1,0,38,222,0.0,0.2197802197802197,0.0,1.0,1.0,0.0,0.0,2589.0,104.0,0.0,0.0571428571428571,0.0,0.0,0.0,0.0,0.0,154.0,23.0
81669c550d32d756f516dab5d2b76ff5f21c0f36,1910.06701,what are the existing models they compared with?,0,0.0,0,0,0,0,1,41,5,0.0,0.1111111111111111,0.875,1.0,1.0,0.0,0.0,3167.0,87.0,0.0,0.0,0.0,0.0,0.0,0.0,0.0,409.0,22.0
8816333fbed2bfb1838407df9d6c084ead89751c,1910.0821,How is data for RTFM collected?,0,0.0,0,0,0,0,1,41,5,0.0,0.0,0.0,0.0,0.0,0.0,0.0,2641.0,78.0,0.0,0.0,0.0,0.0,0.0,1.0,0.0,382.0,24.0
37e8f5851133a748c4e3e0beeef0d83883117a98,1910.0821,How better is performance of proposed model compared to baselines?,0,0.0,0,0,0,0,1,44,5,0.0,0.1492537313432836,0.0,1.0,1.0,0.0,0.0,2592.0,81.0,0.0,0.2068965517241379,0.0,1.0,1.0,0.0,0.0,220.0,68.0
c9e9c5f443649593632656a5934026ad8ccc1712,1910.0821,How does propose model model that capture three-way interactions?,0,0.146964856,0,0,0,1,0,43,325,0.0,0.2096774193548387,0.0,1.0,1.0,0.0,0.0,2164.0,71.0,0.0,0.1983471074380165,0.0,0.0,0.0,1.0,0.0,366.0,58.0
55c840a2f1f663ab2bff984ae71501b17429d0c0,1910.10324,Do they normalize the calculated intermediate output hypotheses to compensate for the incompleteness?,0,0.0,0,0,0,0,1,48,5,0.0,0.0,0.0,0.0,0.0,0.0,0.0,2545.0,38.0,0.0,0.0,0.0,0.0,0.0,1.0,0.0,656.0,43.0
fa5357c56ea80a21a7ca88a80f21711c5431042c,1910.10324,How many layers do they use in their best performing network?,0,0.0,0,0,0,0,1,44,5,0.0,0.25,1.0,1.0,1.0,0.0,0.0,3048.0,19.0,0.0,0.0,0.0,0.0,0.0,0.0,0.0,652.0,24.0
35915166ab2fd3d39c0297c427d4ac00e8083066,1910.10324,Do they just sum up all the loses the calculate to end up with one single loss?,0,0.0,0,0,0,0,1,50,5,0.0,0.0,1.0,0.0,0.0,0.0,0.0,2649.0,70.0,0.0,0.0,1.0,0.0,0.0,0.0,0.0,309.0,68.0
def3d623578bf84139d920886aa3bd6cdaaa7c41,1910.1389,What are the three languages studied in the paper?,0,0.0,0,0,0,0,1,42,5,0.0,0.25,1.0,1.0,1.0,0.0,0.0,2295.0,29.0,0.0,0.25,1.0,0.0,0.0,0.0,0.0,740.0,25.0
47726be8641e1b864f17f85db9644ce676861576,1910.14497,How is embedding quality assessed?,0,0.15015015,0,0,0,1,0,38,335,0.0,0.1206896551724138,1.0,1.0,1.0,0.0,0.0,2990.0,43.0,0.0,0.2941176470588235,1.0,1.0,1.0,0.0,0.0,515.0,73.0
8958465d1eaf81c8b781ba4d764a4f5329f026aa,1910.14497,What are the three measures of bias which are reduced in experiments?,0,0.0,0,0,0,1,0,45,158,0.0,0.064516129032258,0.4,1.0,1.0,0.0,0.0,4567.0,58.0,0.0,0.0,0.0,1.0,1.0,0.0,0.0,522.0,50.0
31b6544346e9a31d656e197ad01756813ee89422,1910.14497,What are the probabilistic observations which contribute to the more robust algorithm?,0,0.0,0,0,0,1,0,46,281,0.0,0.0,0.0,0.0,0.0,0.0,0.0,4356.0,123.0,0.0,0.0,0.0,0.0,0.0,0.0,0.0,380.0,117.0
8c0a0747a970f6ea607ff9b18cfeb738502d9a95,1911.01799,What was the performance of both approaches on their dataset?,0,0.0,0,0,0,0,1,43,5,0.0,0.0727272727272727,0.0,1.0,1.0,0.0,0.0,2448.0,75.0,0.0,0.0444444444444444,0.0,0.0,0.0,0.0,0.0,919.0,48.0
529dabe7b4a8a01b20ee099701834b60fb0c43b0,1911.01799,What kind of settings do the utterances come from?,0,0.0,0,0,0,0,1,43,5,0.0,0.6470588235294118,1.0,1.0,1.0,0.0,0.0,2657.0,46.0,0.0,0.0,0.0,1.0,1.0,0.0,0.0,243.0,29.0
a2be2bd84e5ae85de2ab9968147b3d49c84dfb7f,1911.01799,What genres are covered?,0,0.0,0,0,0,0,1,37,5,0.0,0.6285714285714286,0.0,1.0,1.0,0.0,0.0,2442.0,50.0,0.0,0.6666666666666667,0.0,0.0,0.0,0.0,0.0,913.0,40.0
212495af630c16745d0fcb614119d75327952271,1911.02116,asdfasdaf,0,0.0,0,0,0,0,1,36,5,0.0,0.0,0.0,0.0,0.0,0.0,0.0,2918.0,20.0,0.0,0.0,0.0,0.0,0.0,1.0,0.0,695.0,24.0
2d1c0618b6106a57777b8d6bbf897712d9db7abc,1911.02116,asdfasdf,0,0.0,0,0,0,0,1,35,5,0.0,0.0,0.0,0.0,0.0,0.0,0.0,2945.0,23.0,0.0,0.0,0.0,0.0,0.0,1.0,0.0,694.0,23.0
8e898bec123c70315db44f6c8002adc8bf4486ad,1911.02116,asdfasd,0,0.0,0,0,0,0,1,35,5,0.0,0.0,0.0,0.0,0.0,0.0,0.0,2707.0,19.0,0.0,0.0,0.0,0.0,0.0,1.0,0.0,694.0,23.0
e70236c876c94dbecd9a665d9ba8cefe7301dcfd,1911.03514,Did they experiment on the proposed task?,0,0.0,0,0,0,0,1,40,5,0.0,0.0,0.0,0.0,0.0,0.0,0.0,2621.0,22.0,0.0,0.0,0.0,0.0,0.0,1.0,0.0,682.0,22.0
aa1f605619b2487cc914fc2594c8efe2598d8555,1911.03514,Is annotation done manually?,0,0.0,0,0,0,1,0,37,79,0.0,0.0,1.0,0.0,0.0,0.0,0.0,2618.0,30.0,0.0,0.0,0.1666666666666666,0.0,0.0,1.0,0.0,386.0,35.0
9f2634c142dc4ad2c68135dbb393ecdfd23af13f,1911.03514,How large is the proposed dataset?,0,0.0,0,0,0,0,1,39,5,0.0,0.5,1.0,1.0,1.0,0.0,0.0,2620.0,31.0,0.0,0.0,0.0,0.0,0.0,1.0,0.0,205.0,20.0
0e510d918456f3d2b390b501a145d92c4f125835,1911.03584,How they prove that multi-head self-attention is at least as powerful as convolution layer? ,0,0.069400631,0,0,0,1,0,51,375,0.0,0.2051282051282051,0.0,1.0,1.0,0.0,0.0,3101.0,136.0,0.0,0.1777777777777777,0.0,0.0,0.0,0.0,0.0,1167.0,176.0
7ac0cec79c8c2b1909b0a1cc0d4646fce09884ee,1911.03584,Is there a way of converting existing convolution layers into self-attention to perform very same convolution?,0,0.0,0,0,0,1,0,51,345,0.0,0.0,0.0,1.0,1.0,0.0,0.0,3053.0,106.0,0.0,0.0,0.0,0.0,0.0,0.0,0.0,529.0,60.0
6fd07f4dc037a82c8fa0ed80469eb4171dcebf12,1911.03584,What authors mean by sufficient number of heads?,0,0.0,0,0,0,1,0,41,163,0.0,0.0,0.0,1.0,1.0,0.0,0.0,3263.0,147.0,0.0,0.0,0.0,0.0,0.0,0.0,0.0,278.0,100.0
8d1f9d3aa2cc2e2e58d3da0f5edfc3047978f3ee,1911.03705,What measures were used for human evaluation?,0,0.113989637,0,0,0,1,0,40,222,0.0,0.1363636363636363,1.0,0.0,0.0,0.0,0.0,2861.0,22.0,0.0,0.1785714285714285,1.0,0.0,0.0,0.0,0.0,320.0,35.0
5065ff56d3c295b8165cb20d8bcfcf3babe9b1b8,1911.03705,What automatic metrics are used for this task?,0,0.0,0,0,0,0,1,41,5,0.0,0.0,1.0,1.0,1.0,0.0,0.0,2703.0,46.0,0.0,0.0,1.0,0.0,0.0,0.0,0.0,321.0,48.0
c34a15f1d113083da431e4157aceb11266e9a1b2,1911.03705,Are the models required to also generate rationales?,0,0.0,0,0,0,0,1,42,5,0.0,0.0,0.0,1.0,1.0,0.0,0.0,2954.0,40.0,0.0,0.0,0.0,0.0,0.0,1.0,0.0,161.0,26.0
d0b005cb7ed6d4c307745096b2ed8762612480d2,1911.03842,What baseline is used to compare the experimental results against?,0,0.0,0,0,0,1,0,43,88,0.0,0.0769230769230769,1.0,1.0,1.0,0.0,0.0,2823.0,38.0,0.0,0.0,0.0,0.0,0.0,1.0,0.0,675.0,24.0
9d9b11f86a96c6d3dd862453bf240d6e018e75af,1911.03842,How does counterfactual data augmentation aim to tackle bias?,0,0.067039106,0,0,0,1,0,44,192,0.0,0.2077922077922078,1.0,1.0,1.0,0.0,0.0,2655.0,82.0,0.0,0.048780487804878,0.0,0.0,0.0,0.0,0.0,206.0,37.0
415f35adb0ef746883fb9c33aa53b79cc4e723c3,1911.03842,"In the targeted data collection approach, what type of data is targetted?",0,0.047058824,0,0,0,1,0,47,93,0.0,0.1621621621621621,0.0,1.0,1.0,0.0,0.0,2819.0,52.0,0.0,0.1333333333333333,0.0,0.0,0.0,0.0,0.0,679.0,37.0
cac0119681f311b2efd14b3251a2a5b69ad5d0cd,1911.03912,"Is their model fine-tuned also on all available data, what are results?",0,0.0,0,0,0,0,1,48,5,0.0,0.0,0.0,1.0,1.0,0.0,0.0,2974.0,130.0,0.0,0.0,0.0,1.0,1.0,0.0,0.0,169.0,50.0
c20bb0847ced490a793657fbaf6afb5ef54dad81,1911.04952,Why are the scores for predicting perceived musical hardness and darkness extracted only for subsample of 503 songs?,0,0.0,0,0,0,0,1,53,5,0.0,0.0,0.0,0.0,0.0,0.0,0.0,2485.0,72.0,0.0,0.0,0.0,0.0,0.0,0.0,0.0,276.0,36.0
ff8557d93704120b65d9b597a4fab40b49d24b6d,1911.04952,How long is the model trained?,0,0.0,0,0,0,0,1,39,5,0.0,0.0,0.0,0.0,0.0,0.0,0.0,2517.0,77.0,0.0,0.0,0.0,0.0,0.0,1.0,0.0,316.0,22.0
447eb98e602616c01187960c9c3011c62afd7c27,1911.04952,What are lyrical topics present in the metal genre?,0,0.016806723,0,0,0,1,0,42,325,0.0,0.0816326530612244,0.6666666666666666,1.0,1.0,0.0,0.0,2474.0,83.0,0.0,0.1176470588235294,0.0,0.0,0.0,0.0,0.0,501.0,55.0
dbf606cb6fc1d070418cc25e38ae57bbbb7087a0,1911.06171,Which future direction in NLG are discussed?,0,0.063636364,0,0,0,1,0,41,296,0.0,0.1647058823529411,0.0,1.0,1.0,0.0,0.0,2452.0,90.0,0.0,0.1395348837209302,0.0,0.0,0.0,0.0,0.0,515.0,43.0
9651fbd887439bf12590244c75e714f15f50f73d,1911.06171,What experimental phenomena are presented?,0,0.061538462,0,0,0,1,0,38,65,0.0,0.1025641025641025,0.0,1.0,1.0,0.0,0.0,2441.0,99.0,0.0,0.0975609756097561,0.0,0.0,0.0,0.0,0.0,646.0,44.0
1fd969f53bc714d9b5e6604a7780cbd6b12fd616,1911.06171,How strategy-based methods handle obstacles in NLG?,0,0.068259386,0,0,0,1,0,42,338,0.0,0.2429906542056074,0.0,0.0,0.0,0.0,0.0,2431.0,113.0,0.0,0.1333333333333333,0.0,0.0,0.0,0.0,0.0,477.0,53.0
5a2c0c55a43dcc0b9439d330d2cbe1d5d444bf36,1911.0837,How do people engage in Twitter threads on different types of news?,0,0.0,0,0,0,1,0,45,303,0.0,0.0,0.0,1.0,1.0,0.0,0.0,2584.0,92.0,0.0,0.0,0.0,0.0,0.0,0.0,0.0,969.0,63.0
0c78d2fe8bc5491b5fd8a2166190c59eba069ced,1911.0837,"How are the clusters related to security, violence and crime identified?",0,0.0,0,0,0,1,0,45,366,0.0,0.0,0.0,1.0,1.0,0.0,0.0,2593.0,133.0,0.0,0.0,0.0,1.0,1.0,0.0,0.0,366.0,105.0
6852217163ea678f2009d4726cb6bd03cf6a8f78,1911.09419,What benchmark datasets are used for the link prediction task?,0,0.0,0,0,0,1,0,43,283,0.0,0.0,1.0,1.0,1.0,0.0,0.0,2660.0,46.0,0.0,0.0,0.0,0.0,0.0,0.0,0.0,191.0,24.0
cd1ad7e18d8eef8f67224ce47f3feec02718ea1a,1911.09419,What are state-of-the art models for this task?,0,0.0,0,0,0,0,1,43,5,0.0,0.0,1.0,1.0,1.0,0.0,0.0,2685.0,41.0,0.0,0.0,0.0,0.0,0.0,1.0,0.0,292.0,23.0
9c9e90ceaba33242342a5ae7568e89fe660270d5,1911.09419,How better does HAKE model peform than state-of-the-art methods?,0,0.0,0,0,0,0,1,47,5,0.0,0.1142857142857142,0.0,1.0,1.0,0.0,0.0,3438.0,97.0,0.0,0.1428571428571428,0.0,1.0,1.0,0.0,0.0,195.0,37.0
86e3136271a7b93991c8de5d310ab15a6ac5ab8c,1911.09845,"How is human evaluation performed, what were the criteria?",0,0.063157895,0,0,0,1,0,43,231,0.0,0.265625,1.0,1.0,1.0,0.0,1.0,2823.0,163.0,0.0,0.2162162162162162,0.0,0.0,0.0,1.0,0.0,313.0,27.0
b48cd91219429f910b1ea6fcd6f4bd143ddf096f,1911.09845,What automatic metrics are used?,0,0.0,0,0,0,1,0,38,335,0.0,0.0,0.0,0.0,0.0,0.0,0.0,2990.0,20.0,0.0,0.0,0.0,0.0,0.0,0.0,0.0,955.0,20.0
4f1a5eed730fdcf0e570f9118fc09ef2173c6a1b,1911.09845,What other kinds of generation models are used in experiments?,0,0.0,0,0,0,1,0,43,305,0.0,0.0,0.0,0.0,0.0,0.0,0.0,3024.0,62.0,0.0,0.0,0.0,0.0,0.0,0.0,0.0,960.0,23.0
6c0f97807cd83a94a4d26040286c6f89c4a0f8e0,1911.1175,What representations for textual documents do they use?,0,0.006734007,0,0,0,1,0,41,394,0.0,0.1132075471698113,1.0,1.0,1.0,0.0,0.0,2324.0,81.0,0.0,0.0,0.0,0.0,0.0,0.0,0.0,258.0,23.0
13ca4bf76565564c8ec3238c0cbfacb0b41e14d2,1911.1175,Which dataset(s) do they use?,0,0.0,0,0,0,0,1,40,5,0.0,0.0,0.0,0.0,0.0,0.0,0.0,2386.0,43.0,0.0,0.0,0.0,0.0,0.0,0.0,0.0,257.0,24.0
70797f66d96aa163a3bee2be30a328ba61c40a18,1911.1175,How do they evaluate knowledge extraction performance?,0,0.0,0,0,0,1,0,40,385,0.0,0.0240963855421686,1.0,1.0,1.0,0.0,0.0,2427.0,127.0,0.0,0.0181818181818181,0.0,1.0,1.0,0.0,0.0,512.0,151.0
f9751e0ca03f49663a5fc82b33527bc8be1ed0aa,1912.00423,What type of simulations of real-time data feeds are used for validaton?,0,0.079646018,0,0,0,1,0,47,260,0.0,0.1176470588235294,0.0,1.0,1.0,0.0,0.0,2606.0,48.0,0.0,0.1111111111111111,0.0,0.0,0.0,1.0,0.0,216.0,27.0
ce18c50dadab7b9f28141fe615fd7de69355d9dd,1912.00423,How are FHIR and RDF combined?,0,0.093023256,0,0,0,1,0,40,263,0.0,0.2105263157894736,1.0,1.0,1.0,0.0,0.0,2580.0,78.0,0.0,0.2424242424242424,0.0,0.0,0.0,1.0,0.0,209.0,23.0
5a230fe4f0204bf2eebc0e944cf8defaf33d165c,1912.00423,What are the differences between FHIR and RDF?,0,0.041666667,0,0,0,1,0,42,511,0.0,0.1004566210045662,1.0,1.0,1.0,0.0,0.0,2588.0,285.0,0.0,0.2307692307692307,0.0,0.0,0.0,1.0,0.0,211.0,24.0
3f6610d1d68c62eddc2150c460bf1b48a064e5e6,1912.00871,Does pre-training on general text corpus improve performance?,0,0.0,0,0,0,1,0,42,77,0.0,0.0,0.0,1.0,1.0,0.0,0.0,2265.0,86.0,0.0,0.0,0.0,0.0,0.0,0.0,0.0,963.0,49.0
4c854d33a832f3f729ce73b206ff90677e131e48,1912.00871,What neural configurations are explored?,0,0.046511628,0,0,0,1,0,38,212,0.0,0.196078431372549,0.0,1.0,1.0,0.0,0.0,2194.0,61.0,0.0,0.1025641025641025,0.0,1.0,1.0,0.0,0.0,411.0,42.0
163c15da1aa0ba370a00c5a09294cd2ccdb4b96d,1912.00871,Are the Transformers masked?,0,0.0,0,0,0,1,0,37,92,0.0,0.0,0.5,0.0,0.0,0.0,0.0,2233.0,31.0,0.0,0.0,0.0,0.0,0.0,1.0,0.0,228.0,21.0
6ee27ab55b1f64783a9e72e3f83b7c9ec5cc8073,1912.06813,What datasets are experimented with?,0,0.0,0,0,0,0,1,38,5,0.0,0.1176470588235294,0.0,1.0,1.0,0.0,0.0,2964.0,77.0,0.0,0.1052631578947368,0.0,0.0,0.0,1.0,0.0,294.0,21.0
bb4de896c0fa4bf3c8c43137255a4895f52abeef,1912.06813,What is the baseline model?,0,0.078431373,0,0,0,1,0,38,97,0.0,0.4166666666666667,1.0,1.0,1.0,0.0,0.0,3225.0,60.0,0.0,0.2142857142857142,0.0,1.0,1.0,0.0,0.0,468.0,38.0
1f6180bba0bc657c773bd3e4269f87540a520ead,2001.01589,How many linguistic and semantic features are learned?,0,0.0,0,0,0,0,1,41,5,0.0,0.0,0.0,0.0,0.0,0.0,0.0,2476.0,62.0,0.0,0.0,0.0,0.0,0.0,1.0,0.0,212.0,22.0
57388bf2693d71eb966d42fa58ab66d7f595e55f,2001.01589,How is morphology knowledge implemented in the method?,0,0.037878788,0,0,0,1,0,41,323,0.0,0.135593220338983,0.5,1.0,1.0,0.0,0.0,2494.0,160.0,0.0,0.1304347826086956,0.0,0.0,0.0,0.0,0.0,410.0,114.0
47796c7f0a7de76ccb97ccbd43dc851bb8a613d5,2001.01589,How does the word segmentation method work?,0,0.017777778,0,0,0,1,0,40,265,0.0,0.1157024793388429,1.0,1.0,1.0,0.0,0.0,2491.0,162.0,0.0,0.0879120879120879,0.0,1.0,1.0,0.0,0.0,274.0,117.0
bee74e96f2445900e7220bc27795bfe23accd0a7,2001.05672,Is there a machine learning approach that tries to solve same problem?,0,0.0,0,0,0,1,0,45,115,0.0,0.0,0.0,0.0,0.0,0.0,0.0,2932.0,50.0,0.0,0.0,0.0,0.0,0.0,0.0,0.0,958.0,47.0
a56fbe90d5d349336f94ef034ba0d46450525d19,2001.05672,What DCGs are used?,0,0.011764706,0,0,0,1,0,38,219,0.0,0.037037037037037,1.0,1.0,1.0,0.0,0.0,2757.0,71.0,0.0,0.0384615384615384,0.0,0.0,0.0,0.0,0.0,951.0,65.0
b1f2db88a6f89d0f048803e38a0a568f5ba38fc5,2001.05672,"What else is tried to be solved other than 12 tenses, model verbs and negative form?",0,0.009345794,0,0,0,1,0,52,325,0.0,0.0,0.0,1.0,1.0,0.0,0.0,2784.0,41.0,0.0,0.05,0.0,0.0,0.0,0.0,0.0,965.0,46.0
589be705a5cc73a23f30decba23ce58ec39d313b,2001.06286,What data did they use?,0,0.0,0,0,0,0,1,38,5,0.0,0.135593220338983,0.0,1.0,1.0,0.0,0.0,2691.0,88.0,0.0,0.4285714285714285,1.0,0.0,0.0,0.0,0.0,350.0,38.0
6e962f1f23061f738f651177346b38fd440ff480,2001.06286,What is the state of the art?,0,0.0,0,0,0,1,0,40,108,0.0,0.0869565217391304,0.6666666666666666,1.0,1.0,0.0,0.0,2722.0,79.0,0.0,0.048780487804878,0.0,0.0,0.0,0.0,0.0,544.0,47.0
594a6bf37eab64a16c6a05c365acc100e38fcff1,2001.06286,What language tasks did they experiment on?,0,0.0,0,0,0,0,1,40,5,0.0,0.2222222222222222,0.0,1.0,1.0,0.0,0.0,2788.0,34.0,0.0,0.048780487804878,0.0,0.0,0.0,0.0,0.0,544.0,45.0
9447ec36e397853c04dcb8f67492ca9f944dbd4b,2001.09332,What is the dataset used as input to the Word2Vec algorithm?,0,0.063829787,0,0,0,1,0,46,96,0.0,0.109090909090909,0.3333333333333333,0.0,0.0,0.0,0.0,2660.0,55.0,0.0,0.1891891891891891,1.0,0.0,0.0,0.0,0.0,433.0,121.0
12c6ca435f4fcd4ad5ea5c0d76d6ebb9d0be9177,2001.09332,Are the word embeddings tested on a NLP task?,0,0.0,0,0,0,1,0,42,87,0.0,0.0,1.0,1.0,1.0,0.0,0.0,2624.0,47.0,0.0,0.0,0.0,0.0,0.0,0.0,0.0,721.0,67.0
32c149574edf07b1a96d7f6bc49b95081de1abd2,2001.09332,Are the word embeddings evaluated?,0,0.0,0,0,0,1,0,38,228,0.0,0.0,0.3333333333333333,1.0,1.0,0.0,0.0,2643.0,46.0,0.0,0.0,1.0,0.0,0.0,0.0,0.0,326.0,38.0
c2da598346b74541c78ecff5c9586b3857dd01b5,2001.11857,How better does the hybrid tiled CNN model perform than its counterparts?,0,0.0,0,0,0,0,1,45,5,0.0,0.0,0.0,1.0,1.0,0.0,0.0,2498.0,94.0,0.0,0.0,0.0,1.0,1.0,0.0,0.0,467.0,60.0
e74ba39c35af53d3960be5a6c86eddd62cef859f,2002.00317,Which baseline performs best?,0,0.0,0,0,0,0,1,37,5,0.0,0.1666666666666666,0.0,0.0,0.0,0.0,0.0,2568.0,23.0,0.0,0.125,1.0,0.0,0.0,0.0,0.0,456.0,48.0
458f3963387de57fdc182875c9ca3798b612b633,2002.00317,Which baselines are explored?,0,0.0,0,0,0,0,1,38,5,0.0,0.1081081081081081,0.5,1.0,1.0,0.0,0.0,2574.0,52.0,0.0,0.074074074074074,0.0,0.0,0.0,0.0,0.0,714.0,43.0
69a88b6be3b34acc95c5e36acbe069c0a0bc67d6,2002.00317,What is the size of the corpus?,0,0.0,0,0,0,0,1,40,5,0.0,0.0,0.0,0.0,0.0,0.0,0.0,2584.0,18.0,0.0,0.2857142857142857,1.0,1.0,1.0,0.0,0.0,656.0,29.0
cc9f0ac8ead575a9b485a51ddc06b9ecb2e2a44d,2002.00652,How big is improvement in performances of proposed model over state of the art?,0,0.0,0,0,0,0,1,47,5,0.0,0.5777777777777778,0.75,1.0,1.0,0.0,0.0,3072.0,55.0,0.0,0.0952380952380952,0.0,0.0,0.0,0.0,0.0,386.0,29.0
69e678666d11731c9bfa99953e2cd5a5d11a4d4f,2002.00652,What two large datasets are used for evaluation?,0,0.0,0,0,0,0,1,41,5,0.0,0.25,1.0,1.0,1.0,0.0,0.0,3027.0,25.0,0.0,0.0,0.0,0.0,0.0,1.0,0.0,226.0,20.0
471d624498ab48549ce492ada9e6129da05debac,2002.00652,What context modelling methods are evaluated?,0,0.0,0,0,0,1,0,39,276,0.0,0.1764705882352941,0.0,1.0,1.0,0.0,0.0,3190.0,65.0,0.0,0.0923076923076923,0.5,0.0,0.0,0.0,0.0,586.0,47.0
649d6dc076251547aece6532f75d00fc99081d2b,2002.05104,What are least important components identified in the the training of VQA models?,0,0.036036036,0,0,0,1,0,47,263,0.0,0.0444444444444444,0.0,0.0,0.0,0.0,0.0,2838.0,42.0,0.0,0.0909090909090909,0.0,0.0,0.0,0.0,0.0,1057.0,41.0
92412a449c28b9121a4a4f4acca996563f107131,2002.05104,What type of experiments are performed?,0,0.0,0,0,0,1,0,39,265,0.0,0.0869565217391304,0.0,1.0,1.0,0.0,0.0,2735.0,69.0,0.0,0.0816326530612244,0.0,1.0,1.0,0.0,0.0,322.0,69.0
76405b76b930a5bbe895e9e96ce4a3cff1b0b1a1,2002.05104,What components are identified as core components for training VQA models?,0,0.048543689,0,0,0,1,0,45,283,0.0,0.0919540229885057,0.0,1.0,1.0,0.0,0.0,2488.0,119.0,0.0,0.1538461538461538,0.0,0.0,0.0,0.0,0.0,917.0,72.0
02417455c05f09d89c2658f39705ac1df1daa0cd,2002.05829,How much does it minimally cost to fine-tune some model according to benchmarking framework?,0,0.0,0,0,0,0,1,49,5,0.0,0.0,0.0,0.0,0.0,0.0,0.0,2703.0,51.0,0.0,0.0,0.0,0.0,0.0,0.0,0.0,462.0,28.0
6ce057d3b88addf97a30cb188795806239491154,2002.05829,What models are included in baseline benchmarking results?,0,0.0,0,0,0,0,1,41,5,0.0,0.0,0.0,1.0,1.0,0.0,0.0,2129.0,50.0,0.0,0.0454545454545454,0.0,0.0,0.0,0.0,0.0,487.0,65.0
830de0bd007c4135302138ffa8f4843e4915e440,2002.06644,Do the authors report only on English?,0,0.0,0,0,0,0,1,40,5,0.0,0.0,0.0,0.0,0.0,0.0,0.0,2139.0,43.0,0.0,0.0,0.0,0.0,0.0,0.0,0.0,651.0,37.0
680dc3e56d1dc4af46512284b9996a1056f89ded,2002.06644,What is the baseline for the experiments?,0,0.0,0,0,0,0,1,40,5,0.0,0.0,0.6666666666666666,1.0,1.0,0.0,0.0,2139.0,38.0,0.0,0.0,0.0,0.0,0.0,1.0,0.0,410.0,21.0
bd5379047c2cf090bea838c67b6ed44773bcd56f,2002.06644,Which experiments are perfomed?,0,0.04137931,0,0,0,1,0,38,184,0.0,0.1162790697674418,0.8571428571428571,1.0,1.0,0.0,0.0,2137.0,119.0,0.0,0.1758241758241758,0.5714285714285714,0.0,0.0,0.0,0.0,649.0,123.0
9ae084e76095194135cd602b2cdb5fb53f2935c1,2002.11268,What metrics are used for evaluation?,0,0.011764706,0,0,0,1,0,39,467,0.0,0.3,0.0,1.0,1.0,0.0,0.0,3166.0,37.0,0.0,0.0,0.0,0.0,0.0,0.0,0.0,742.0,19.0
67ee7a53aa57ce0d0bc1a20d41b64cb20303f4b7,2002.11268,How much training data is used?,0,0.0,0,0,0,0,1,39,5,0.0,0.037037037037037,1.0,1.0,1.0,0.0,0.0,2855.0,84.0,0.0,0.0,0.0,0.0,0.0,0.0,0.0,489.0,46.0
7eb3852677e9d1fb25327ba014d2ed292184210c,2002.11268,How is the training data collected?,0,0.043956044,0,0,0,1,0,39,100,0.0,0.1515151515151515,1.0,1.0,1.0,0.0,0.0,3274.0,205.0,0.0,0.1621621621621621,0.0,0.0,0.0,0.0,0.0,489.0,55.0
639c145f0bcb1dd12d08108bc7a02f9ec181552e,2003.02639,What are three possible phases for language formation?,0,0.102325581,0,0,0,1,0,41,216,0.0,0.2935779816513761,0.0,1.0,1.0,0.0,0.0,2874.0,129.0,0.0,0.0816326530612244,0.0,0.0,0.0,0.0,0.0,764.0,34.0
53712f0ce764633dbb034e550bb6604f15c0cacd,2003.07433,Do they evaluate only on English datasets?,0,0.0,0,0,0,0,1,40,5,0.0,0.0,0.0,1.0,1.0,0.0,0.0,2173.0,37.0,0.0,0.0,0.0,0.0,0.0,1.0,0.0,485.0,39.0
0bffc3d82d02910d4816c16b390125e5df55fd01,2003.07433,Do the authors mention any possible confounds in this study?,0,0.0,0,0,0,0,1,44,5,0.0,0.0,0.0,1.0,1.0,0.0,0.0,2195.0,94.0,0.0,0.0,0.0,0.0,0.0,0.0,0.0,750.0,19.0
bdd8368debcb1bdad14c454aaf96695ac5186b09,2003.07433,How is the intensity of the PTSD established?,0,0.092436975,0,0,0,1,0,41,285,0.0,0.4646464646464646,0.5,1.0,1.0,0.0,0.0,2625.0,99.0,0.0,0.1791044776119403,0.75,1.0,1.0,0.0,0.0,640.0,153.0
ead5dc1f3994b2031a1852ecc4f97ac5760ea977,2003.07758,How many category tags are considered?,0,0.0,0,0,0,0,1,39,5,0.0,0.0,0.0,1.0,1.0,0.0,0.0,2883.0,24.0,0.0,0.0,0.0,0.0,0.0,1.0,0.0,526.0,21.0
86cd1228374721db67c0653f2052b1ada6009641,2003.07758,What domain does the dataset fall into?,0,0.0,0,0,0,0,1,40,5,0.0,0.0,0.0,1.0,1.0,0.0,0.0,2878.0,30.0,0.0,0.0,0.0,0.0,0.0,0.0,0.0,711.0,39.0
7011b26ffc54769897e4859e4932aeddfab82c9f,2003.07758,What ASR system do they use?,0,0.0,0,0,0,0,1,40,5,0.0,0.0869565217391304,0.5,1.0,1.0,0.0,0.0,2335.0,36.0,0.0,0.3076923076923076,0.0,0.0,0.0,0.0,0.0,711.0,23.0
fd0ef5a7b6f62d07776bf672579a99c67e61a568,2003.08553,What experiments do the authors present to validate their system?,0,0.0,0,0,0,0,1,43,5,0.0,0.233009708737864,1.0,0.0,0.0,0.0,0.0,2657.0,103.0,0.0,0.25,1.0,1.0,1.0,0.0,0.0,432.0,115.0
071bcb4b054215054f17db64bfd21f17fd9e1a80,2003.08553,How does the conversation layer work?,0,0.0,0,0,0,1,0,39,321,0.0,0.0,0.0,1.0,1.0,0.0,0.0,2653.0,115.0,0.0,0.0,0.0,1.0,1.0,0.0,0.0,207.0,63.0
f399d5a8dbeec777a858f81dc4dd33a83ba341a2,2003.08553,What components is the QnAMaker composed of?,0,0.022988506,0,0,0,1,0,43,234,0.0,0.0476190476190476,0.75,0.0,0.0,0.0,0.0,2657.0,178.0,0.0,0.0,0.0,0.0,0.0,0.0,0.0,432.0,36.0
f63519bb5e116671cebd65cc78880c5cb573c570,2003.10816,What low-resource languages were used in this work?,0,0.0,0,0,0,0,1,42,5,0.0,0.0,0.0,1.0,1.0,0.0,0.0,2795.0,28.0,0.0,0.0,0.0,0.0,0.0,0.0,0.0,255.0,24.0
ffa4d4bfb226382ca4ecde65ecdc44a3d9e0ce81,2003.10816,What classification task was used to evaluate the cross-lingual adaptation method described in this work?,0,0.0,0,0,0,0,1,51,5,0.0,0.1739130434782608,0.0,1.0,1.0,0.0,0.0,2896.0,36.0,0.0,0.1052631578947368,0.0,0.0,0.0,0.0,0.0,533.0,36.0
7f9bc06cfa81a4e3f7df4c69a1afef146ed5a1cf,2003.12932,What is the performance change of the textual semantic similarity task when no error and maximum errors (noise) are present?,0,0.020833333,0,0,0,1,0,55,197,0.0,0.1,0.0,1.0,1.0,0.0,0.0,3016.0,85.0,0.0,0.03125,0.0,0.0,0.0,0.0,0.0,551.0,56.0
58a340c338e41002c8555202ef9adbf51ddbb7a1,2003.12932,Which sentiment analysis data set has a larger performance drop when a 10% error is introduced?,0,0.0,0,0,0,0,1,51,5,0.0,0.0571428571428571,0.0,0.0,0.0,0.0,0.0,2716.0,53.0,0.0,0.0689655172413793,0.0,0.0,0.0,0.0,0.0,832.0,38.0
0ca02893bda50007f7a76e7c8804101718fbb01c,2003.12932,What kind is noise is present in typical industrial data?,0,0.070175439,0,0,0,1,0,43,184,0.0,0.7710843373493975,1.0,1.0,1.0,0.0,0.0,2879.0,82.0,0.0,0.5882352941176471,1.0,0.0,0.0,0.0,0.0,824.0,106.0
959490ba72bd02f742db1e7b19525d4b6c419772,2003.14026,How big is multilingual dataset?,0,0.0,0,0,0,1,0,38,162,0.0,0.0,0.0,0.0,0.0,0.0,0.0,2773.0,22.0,0.0,0.0,0.0,0.0,0.0,1.0,0.0,612.0,22.0
94e17980435aaa9fc3b5328f16f3368dc8a736bd,2004.01894,What multimodal representations are used in the experiments?,0,0.0,0,0,0,0,1,42,5,0.0,0.3142857142857142,0.75,1.0,1.0,0.0,0.0,2789.0,83.0,0.0,0.2142857142857142,0.0,1.0,1.0,0.0,0.0,444.0,35.0
4d8b3928f89d73895a7655850a227fbac08cdae9,2004.01894,How much better is inference that has addition of image representation compared to text-only representations? ,0,0.0,0,0,0,0,1,50,5,0.0,0.0923076923076923,0.0,0.0,0.0,0.0,0.0,2737.0,64.0,0.0,0.0888888888888888,0.0,0.0,0.0,0.0,0.0,266.0,42.0
b6e4b98fad3681691bcce13f57fb173aee30c592,2004.01894,How they compute similarity between the representations?,0,0.058394161,0,0,0,1,0,40,324,0.0,0.2105263157894737,0.0,1.0,1.0,0.0,0.0,2792.0,85.0,0.0,0.1686746987951807,0.0,0.0,0.0,0.0,0.0,1047.0,86.0
bd7039f81a5417474efa36f703ebddcf51835254,2004.02393,What are two models' architectures in proposed solution?,0,0.0,0,0,0,0,1,42,5,0.0,0.2857142857142857,0.3333333333333333,1.0,1.0,0.0,0.0,2604.0,41.0,0.0,0.125,0.0,1.0,1.0,0.0,0.0,164.0,33.0
022e5c996a72aeab890401a7fdb925ecd0570529,2004.02393,How do two models cooperate to select the most confident chains?,0,0.060200669,0,0,0,1,0,44,332,0.0,0.2290076335877862,1.0,1.0,1.0,0.0,0.0,2617.0,137.0,0.0,0.3703703703703704,0.0,0.0,0.0,0.0,0.0,166.0,43.0
2a950ede24b26a45613169348d5db9176fda4f82,2004.02393,How many hand-labeled reasoning chains have been created?,0,0.0,0,0,0,0,1,43,5,0.0,0.0,0.0,1.0,1.0,0.0,0.0,2503.0,30.0,0.0,0.0,0.0,0.0,0.0,0.0,0.0,517.0,26.0
eeaceee98ef1f6c971dac7b0b8930ee8060d71c2,2004.03685,What approaches they propose?,0,0.086956522,0,0,0,1,0,37,32,0.0,0.352,1.0,1.0,1.0,0.0,0.0,2698.0,135.0,0.0,0.2,0.0,0.0,0.0,0.0,0.0,439.0,63.0
3371d586a3a81de1552d90459709c57c0b1a2594,2004.03685,What faithfulness criteria does they propose?,0,0.126582278,0,0,0,1,0,40,65,0.0,0.3010752688172042,1.0,1.0,1.0,0.0,0.0,2432.0,96.0,0.0,0.16,0.0,0.0,0.0,0.0,0.0,442.0,111.0
d4b9cdb4b2dfda1e0d96ab6c3b5e2157fd52685e,2004.03685,Which are three assumptions in current approaches for defining faithfulness?,0,0.113744076,0,0,0,1,0,44,220,0.0,0.4770642201834862,0.4444444444444444,1.0,1.0,0.0,0.0,2705.0,111.0,0.0,0.1428571428571428,0.0,0.0,0.0,0.0,0.0,368.0,38.0
f33236ebd6f5a9ccb9b9dbf05ac17c3724f93f91,2004.03744,"Is model explanation output evaluated, what metric was used?",0,0.0,0,0,0,0,1,43,5,0.0,0.1568627450980391,0.0,1.0,1.0,0.0,0.0,2952.0,60.0,0.0,0.1,0.0,0.0,0.0,0.0,0.0,194.0,43.0
66bf0d61ffc321f15e7347aaed191223f4ce4b4a,2004.03744,How many annotators are used to write natural language explanations to SNLI-VE-2.0?,0,0.0,0,0,0,0,1,53,5,0.0,0.0,0.0,0.0,0.0,0.0,0.0,3029.0,32.0,0.0,0.0,0.0,0.0,0.0,1.0,0.0,1207.0,34.0
5dfa59c116e0ceb428efd99bab19731aa3df4bbd,2004.03744,How many natural language explanations are human-written?,0,0.0,0,0,0,0,1,41,5,0.0,0.0,0.0,0.0,0.0,0.0,0.0,3004.0,49.0,0.0,0.0377358490566037,0.0,0.0,0.0,0.0,0.0,1195.0,53.0
d0444cbf01efdcc247b313c7487120a2f047f421,2004.03925,Do the authors give examples of positive and negative sentiment with regard to the virus?,0,0.0,0,0,0,0,1,48,5,0.0,0.032258064516129,0.0,1.0,1.0,0.0,0.0,2538.0,87.0,0.0,0.0,0.0,0.0,0.0,0.0,0.0,365.0,41.0
1f6666c2c1d1d5f66208a6fa7da3b3442a577dbc,2004.03925,"Which word frequencies reflect on the psychology of the twitter users, according to the authors?",0,0.0,0,0,0,0,1,49,5,0.0,0.0845070422535211,1.0,1.0,1.0,0.0,0.0,2655.0,99.0,0.0,0.0,0.3333333333333333,0.0,0.0,0.0,0.0,423.0,41.0
a78a6fd6ca36413586836838e38f3fa9282646ee,2004.03925,Do they specify which countries they collected twitter data from?,0,0.0,0,0,0,0,1,43,5,0.0,0.0,0.0,1.0,1.0,0.0,0.0,2576.0,41.0,0.0,0.0,0.0,0.0,0.0,0.0,0.0,163.0,19.0
